"","CITATION","SAMPLE NAME","TECTONIC SETTING","LOCATION","LOCATION COMMENT","LATITUDE (MIN.)","LATITUDE (MAX.)","LONGITUDE (MIN.)","LONGITUDE (MAX.)","LAND/SEA (SAMPLING)","ELEVATION (MIN.)","ELEVATION (MAX.)","ROCK NAME","ROCK TEXTURE","DRILLING DEPTH (MIN.)","DRILLING DEPTH (MAX.)","ALTERATION","MINERAL","SPOT","CRYSTAL","RIM/CORE (MINERAL GRAINS)","GRAIN SIZE","PRIMARY/SECONDARY","SIO2","TIO2","AL2O3","CR2O3","FEOT","CAO","MGO","MNO","K2O","NA2O","P2O5","H20","F","CL","NIO","CUO","COO","ZNO","AS_ppm","PBO","S","ZRO2","GROUP"
"1","[4289] BLUNDY J. D. (2001)","samp. SH149","CONVERGENT MARGIN","CASCADES / HIGH CASCADES / WASHINGTON / MOUNT ST. HELENS",NA,46.2,46.2,-122.18,-122.18,"subaerial",NA,NA,"NOT GIVEN",NA,NA,NA,NA,"QUARTZ",NA,"groundmass",NA,NA,"primary",100.44,0.03,0.64,0.013,0.12,0.11,0.01,0.02,0.04,0.22,0,0,0,0,0,0,0,0,0,0,0,0,"QUARTZ"
"2","[6338] FRENZEL G. (1990)","samp. 17","CONVERGENT MARGIN","TONGA ARC / LAU BASIN / CENTRAL LAU SPREADING CENTER",NA,-18.5,-18.75,-175.75,-176.5,"subaquatic",NA,NA,"DACITE",NA,NA,NA,NA,"QUARTZ","1",NA,NA,NA,"primary",98.03,0.18,0.44,0,0.4,0.33,0.06,0,0,0.38,0,0,0,0,0,0,0,0,0,0,0,0,"QUARTZ"
"3","[6338] FRENZEL G. (1990)","samp. 17","CONVERGENT MARGIN","TONGA ARC / LAU BASIN / CENTRAL LAU SPREADING CENTER",NA,-18.5,-18.75,-175.75,-176.5,"subaquatic",NA,NA,"DACITE",NA,NA,NA,NA,"QUARTZ","2",NA,NA,NA,"primary",96.47,0.24,0.82,0,0.182,0.47,0,0,0.25,0.37,0,0,0,0,0,0,0,0,0,0,0,0,"QUARTZ"
"4","[6338] FRENZEL G. (1990)","samp. 17","CONVERGENT MARGIN","TONGA ARC / LAU BASIN / CENTRAL LAU SPREADING CENTER",NA,-18.5,-18.75,-175.75,-176.5,"subaquatic",NA,NA,"DACITE",NA,NA,NA,NA,"QUARTZ","3",NA,"intermediate zone",NA,"primary",97,0,0.74,0,0.2483,0,0,0,0,0.53,0,0,0,0,0,0,0,0,0,0,0,0,"QUARTZ"
"5","[6338] FRENZEL G. (1990)","samp. 17","CONVERGENT MARGIN","TONGA ARC / LAU BASIN / CENTRAL LAU SPREADING CENTER",NA,-18.5,-18.75,-175.75,-176.5,"subaquatic",NA,NA,"DACITE",NA,NA,NA,NA,"QUARTZ","4",NA,"rim",NA,"primary",96.88,0.19,0.74,0,0,0.12,0,0,0,0.29,0,0,0,0,0,0,0,0,0,0,0,0,"QUARTZ"
"6","[6338] FRENZEL G. (1990)","samp. 72/2","CONVERGENT MARGIN","TONGA ARC / LAU BASIN / VALU FA RIDGE",NA,-22.08,-22.5,-176.57,-176.7,"subaquatic",NA,NA,"ANDESITE",NA,NA,NA,NA,"QUARTZ","5",NA,"core",NA,"primary",98.7,0,0.05,0.06,0.283228,0,0,0,0,0,0,0,0,0,0,0,0,0,0,0,0,0,"QUARTZ"
"7","[6338] FRENZEL G. (1990)","samp. 72/2","CONVERGENT MARGIN","TONGA ARC / LAU BASIN / VALU FA RIDGE",NA,-22.08,-22.5,-176.57,-176.7,"subaquatic",NA,NA,"ANDESITE",NA,NA,NA,NA,"QUARTZ","6",NA,"rim",NA,"primary",98.69,0.18,0.3,0.06,1.08,0.36,0,0.05,0.44,0.13,0,0,0,0,0,0,0,0,0,0,0,0,"QUARTZ"
"8","[6338] FRENZEL G. (1990)","samp. 72/2","CONVERGENT MARGIN","TONGA ARC / LAU BASIN / VALU FA RIDGE",NA,-22.08,-22.5,-176.57,-176.7,"subaquatic",NA,NA,"ANDESITE",NA,NA,NA,NA,"QUARTZ","7",NA,NA,NA,"primary",100.85,0,0.09,0,0.174,0.17,0,0,0,0,0,0,0,0,0,0,0,0,0,0,0,0,"QUARTZ"
"9","[6338] FRENZEL G. (1990)","samp. 72/2","CONVERGENT MARGIN","TONGA ARC / LAU BASIN / VALU FA RIDGE",NA,-22.08,-22.5,-176.57,-176.7,"subaquatic",NA,NA,"ANDESITE",NA,NA,NA,NA,"QUARTZ","8",NA,NA,NA,"primary",100.43,0.08,0.06,0,0.216,0.1,0,0,0,0,0,0,0,0,0,0,0,0,0,0,0,0,"QUARTZ"
"10","[6338] FRENZEL G. (1990)","samp. 72/2","CONVERGENT MARGIN","TONGA ARC / LAU BASIN / VALU FA RIDGE",NA,-22.08,-22.5,-176.57,-176.7,"subaquatic",NA,NA,"ANDESITE",NA,NA,NA,NA,"QUARTZ","9",NA,NA,NA,"primary",96.64,0.25,0.67,0,0.03,0.56,0.06,0,0,0.36,0,0,0,0,0,0,0,0,0,0,0,0,"QUARTZ"
"11","[6338] FRENZEL G. (1990)","samp. 77/2","CONVERGENT MARGIN","TONGA ARC / LAU BASIN / VALU FA RIDGE",NA,-22.08,-22.5,-176.57,-176.7,"subaquatic",NA,NA,"DACITE",NA,NA,NA,NA,"QUARTZ","10",NA,NA,NA,"primary",97.95,0.19,0.17,0,0.92,0.17,0,0,0.95,0,0,0,0,0,0,0,0,0,0,0,0,0,"QUARTZ"
"12","[6338] FRENZEL G. (1990)","samp. 77/2","CONVERGENT MARGIN","TONGA ARC / LAU BASIN / VALU FA RIDGE",NA,-22.08,-22.5,-176.57,-176.7,"subaquatic",NA,NA,"DACITE",NA,NA,NA,NA,"QUARTZ","11",NA,NA,NA,"primary",98.7,0,0.1,0,0.3,0.12,0,0,0,0,0,0,0,0,0,0,0,0,0,0,0,0,"QUARTZ"
"13","[6338] FRENZEL G. (1990)","samp. 77/2","CONVERGENT MARGIN","TONGA ARC / LAU BASIN / VALU FA RIDGE",NA,-22.08,-22.5,-176.57,-176.7,"subaquatic",NA,NA,"DACITE",NA,NA,NA,NA,"QUARTZ","12",NA,NA,NA,"primary",97.93,0,0,0,0.57,0,0,0,0.51,0.08,0,0,0,0,0,0,0,0,0,0,0,0,"QUARTZ"
"14","[7887] SAK P. B. (2004)","samp. 7-CORE","CONVERGENT MARGIN","CENTRAL AMERICAN VOLCANIC ARC / CENTRAL AMERICAN VOLCANIC ARC-SOUTHEASTERN SEGMENT / COSTA RICA","TERRACES IN THE LOWER REACHES OF RIO PARRITA AND RIO BARRANCA",9.5,10,-84.5,-85.5,"subaerial",NA,NA,"BASALT",NA,NA,NA,NA,"QUARTZ",NA,NA,"core",NA,"primary",97.1,0.1,0.2,0,0.3,0,0,0,0.1,0,0,0,0,0,0.14,0,0,0,0,0,0,0,"QUARTZ"
"15","[7887] SAK P. B. (2004)","samp. 7-CORE","CONVERGENT MARGIN","CENTRAL AMERICAN VOLCANIC ARC / CENTRAL AMERICAN VOLCANIC ARC-SOUTHEASTERN SEGMENT / COSTA RICA","TERRACES IN THE LOWER REACHES OF RIO PARRITA AND RIO BARRANCA",9.5,10,-84.5,-85.5,"subaerial",NA,NA,"BASALT",NA,NA,NA,NA,"QUARTZ",NA,NA,"core",NA,"primary",95.9,0.1,0.9,0.04,0.6,0,0,0.1,0,0,0,0,0,0,0,0,0,0,0,0,0,0,"QUARTZ"
"16","[7887] SAK P. B. (2004)","samp. 10-RIND","CONVERGENT MARGIN","CENTRAL AMERICAN VOLCANIC ARC / CENTRAL AMERICAN VOLCANIC ARC-SOUTHEASTERN SEGMENT / COSTA RICA","TERRACES IN THE LOWER REACHES OF RIO PARRITA AND RIO BARRANCA",9.5,10,-84.5,-85.5,"subaerial",NA,NA,"BASALT",NA,NA,NA,NA,"QUARTZ",NA,NA,"rim",NA,"primary",97.8,0,0.1,0,0.3,0.1,0,0,0,0,0,0,0,0,0.01,0,0,0,0,0,0,0,"QUARTZ"
"17","[9416] WILLIAMS J. F. (1887)","samp. 26","CONVERGENT MARGIN","APENNINIC-MAGHREBIDES CHAIN / APENNINE / TUSCAN VOLCANIC PROVINCE / MONTE AMIATA","AMIATA",42.88,42.88,11.55,11.55,"subaerial",NA,NA,"NOT GIVEN",NA,NA,NA,NA,"QUARTZ",NA,NA,NA,NA,"primary",99.35,0,0.14,0.027,0.1828,0.05,0,0,0,0.07,0,0,0,0,0,0,0,0,0,0,0,0,"QUARTZ"
"18","[10022] WANG B. (2007)","samp. XJ-325","INTRAPLATE VOLCANICS","CENTRAL ASIAN FOLDBELT - PALEOZOIC / CHINA - PALEOZOIC / XINJIANG PROVINCE","AXI GOLD MINE, YILI BLOCK",44.2,44.3,81.5,81.75,"subaerial",NA,NA,"ANDESITE",NA,NA,NA,NA,"QUARTZ",NA,NA,"rim",NA,"primary",93.364,0.08,0.441,0,3.65,0.37,0.146,0.002,0.025,0.007,0,0,0,0,0,0,0,0,0,0,0,0,"QUARTZ"
"19","[11483] BALI E. (2008)","samp. SZG-KLM01","INTRAPLATE VOLCANICS","CARPATHIAN BELT AND PANNONIAN BASIN / EASTERN ALPINE-WESTERN CARPATHIAN-NORTHERN PANNONI / BAKONY-BALATON HIGHLANDS / SZIGLIGET",NA,46.8,46.8,17.43,17.43,"subaerial",NA,NA,"WEBSTERITE, XENOLITH",NA,NA,NA,"fresh","QUARTZ",NA,NA,NA,NA,"primary",101.5,0.03,0.03,0.12,0.27,0,0.02,0.04,0,0.01,0.04,0,0,0,0,0,0,0,0,0,0,0,"QUARTZ"
"20","[12418] LAI SHAOCONG (2003)","samp. P6H","INTRAPLATE VOLCANICS","CENTRAL ASIAN FOLDBELT - CENOZOIC/QUATERNARY / CHINA - CENOZOIC/QUATERNARY / QINGHAI PROVINCE","ZHENTOUYA AREA, SOUTH TO ULAN UL LAKE AREA, HOH XIL REGION",34,34.5,90,90.5,"subaerial",NA,NA,"GRANULITE",NA,NA,NA,NA,"QUARTZ",NA,NA,NA,NA,"primary",99.53,0,0.03,0.18,0,0,0.19,0.06,0.02,0,0.026,0,0,0,0,0,0,0,0,0,0,0,"QUARTZ"
"21","[14075] BOUTONNET E. (2010)","samp. PA-06-15","CONVERGENT MARGIN","ANDEAN ARC / PATAGONIAN PLATEAU LAVAS / ARGENTINA","NEAR PICO ROJO",-47.0142,-47.0142,-71.7652,-71.7652,"subaerial",NA,NA,"TRACHYANDESITE",NA,NA,NA,NA,"QUARTZ",NA,NA,NA,NA,"primary",100.38,0,0.02,0.032,0,0,0,0,0.01,0.01,0.026,0,0,0,0,0,0,0,0,0,0,0,"QUARTZ"
"22","[14611] YU HONG-MEI (2010)","samp. 08TCH3-1-2","INTRAPLATE VOLCANICS","CENTRAL ASIAN FOLDBELT - CENOZOIC/QUATERNARY / CHINA - CENOZOIC/QUATERNARY / YUNNAN PROVINCE / TENGCHONG VOLCANIC FIELD - HEIKONGSHAN",NA,25.23,25.23,98.5,98.5,"subaerial",NA,NA,"GABBRO","GABBROIC-DIABASIC",NA,NA,NA,"QUARTZ",NA,NA,NA,NA,"primary",99.18,0.05,0,0.04,0,0,0,0,0.01,0,0,0,0,0,0.01,0,0,0,0,0,0,0,"QUARTZ"
"23","[14611] YU HONG-MEI (2010)","samp. 08TCH2-4-1","INTRAPLATE VOLCANICS","CENTRAL ASIAN FOLDBELT - CENOZOIC/QUATERNARY / CHINA - CENOZOIC/QUATERNARY / YUNNAN PROVINCE / TENGCHONG VOLCANIC FIELD - HEIKONGSHAN",NA,25.23,25.23,98.5,98.5,"subaerial",NA,NA,"GABBRO","GABBROIC",NA,NA,NA,"QUARTZ",NA,NA,NA,NA,"primary",98.9,0,0,0.01,0,0,0,0,0,0,0.00104537647123525,0,0,0,0,0,0,0,0,0,0,0,"QUARTZ"
"24","[15335] KISELEV A. I. (2009)","samp. 12D-2","CONTINENTAL FLOOD BASALT","SIBERIAN TRAPS / YAKUTIAN KIMBERLITE FIELDS / NYURBINSKAYA (NYURBA) KIMBERLITE PIPE","NAKYN KIMBERLITE FIELD",64.65,64.65,116.62,116.62,"subaerial",NA,NA,"DOLERITE",NA,NA,NA,NA,"QUARTZ",NA,NA,NA,NA,"primary",96.32,0.033,0.2,0.036,0.046,0.21,0.05,0,0,0,0.021,0,0,0,0,0,0,0,0,0,0,0,"QUARTZ"
"25","[15335] KISELEV A. I. (2009)","samp. 22A-1","CONTINENTAL FLOOD BASALT","SIBERIAN TRAPS / YAKUTIAN KIMBERLITE FIELDS / NYURBINSKAYA (NYURBA) KIMBERLITE PIPE","NAKYN KIMBERLITE FIELD",64.65,64.65,116.62,116.62,"subaerial",NA,NA,"BASALT","MICROPORPHYRITIC",NA,NA,NA,"QUARTZ",NA,NA,NA,NA,"primary",97.05,0,0.55,0,0.3,0.035,0,0,0.033,0.02,0,0,0,0,0,0,0,0,0,0,0,0,"QUARTZ"
"26","[15637] ZAVALA K. (2011)","samp. 96-B-1","CONTINENTAL FLOOD BASALT","KAROO AND FERRAR PROVINCES / FERRAR PROVINCE - TRANSANTARCTIC MOUNTAINS / FERRAR SUPERGROUP-FERRAR DOLERITE","TAYLOR VALLEY, TRANSANTARTCIC MOUNTAINS",-77.6,-77.6,163,163,"subaerial",NA,NA,"DOLERITE",NA,NA,NA,NA,"QUARTZ",NA,NA,NA,NA,"primary",100.6,0,0.05,0.015,0.117381688471051,0,0,0,0.03,0.03,0,0,0,0,0,0,0,0,0,0,0,0,"QUARTZ"
"27","[15637] ZAVALA K. (2011)","samp. 96-B-1","CONTINENTAL FLOOD BASALT","KAROO AND FERRAR PROVINCES / FERRAR PROVINCE - TRANSANTARCTIC MOUNTAINS / FERRAR SUPERGROUP-FERRAR DOLERITE","TAYLOR VALLEY, TRANSANTARTCIC MOUNTAINS",-77.6,-77.6,163,163,"subaerial",NA,NA,"DOLERITE",NA,NA,NA,NA,"QUARTZ",NA,NA,NA,NA,"primary",99.77,0,0.09,0.02,0.04,0,0,0,0.04,0.01,0.05,0,0,0,0.04,0,0,0,0,0,0,0,"QUARTZ"
"28","[15637] ZAVALA K. (2011)","samp. 96-B-1","CONTINENTAL FLOOD BASALT","KAROO AND FERRAR PROVINCES / FERRAR PROVINCE - TRANSANTARCTIC MOUNTAINS / FERRAR SUPERGROUP-FERRAR DOLERITE","TAYLOR VALLEY, TRANSANTARTCIC MOUNTAINS",-77.6,-77.6,163,163,"subaerial",NA,NA,"DOLERITE",NA,NA,NA,NA,"QUARTZ",NA,NA,NA,NA,"primary",99.66,0,0.15,0.027,0.0933,0.01,0,0,0.09,0.03,0,0,0,0,0,0,0,0,0,0,0,0,"QUARTZ"
"29","[15637] ZAVALA K. (2011)","samp. 96-B-1","CONTINENTAL FLOOD BASALT","KAROO AND FERRAR PROVINCES / FERRAR PROVINCE - TRANSANTARCTIC MOUNTAINS / FERRAR SUPERGROUP-FERRAR DOLERITE","TAYLOR VALLEY, TRANSANTARTCIC MOUNTAINS",-77.6,-77.6,163,163,"subaerial",NA,NA,"DOLERITE",NA,NA,NA,NA,"QUARTZ",NA,NA,NA,NA,"primary",99.8,0,0.03,0,0.114,0.02,0,0,0,0,0,0,0,0,0,0,0,0,0,0,0,0,"QUARTZ"
"30","[15637] ZAVALA K. (2011)","samp. 96-B-1","CONTINENTAL FLOOD BASALT","KAROO AND FERRAR PROVINCES / FERRAR PROVINCE - TRANSANTARCTIC MOUNTAINS / FERRAR SUPERGROUP-FERRAR DOLERITE","TAYLOR VALLEY, TRANSANTARTCIC MOUNTAINS",-77.6,-77.6,163,163,"subaerial",NA,NA,"DOLERITE",NA,NA,NA,NA,"QUARTZ",NA,NA,NA,NA,"primary",100.68,0,0.1,0.032,0.046,0,0,0,0.03,0.02,0,0,0,0,0,0,0,0,0,0,0,0,"QUARTZ"
"31","[15637] ZAVALA K. (2011)","samp. 96-B-1","CONTINENTAL FLOOD BASALT","KAROO AND FERRAR PROVINCES / FERRAR PROVINCE - TRANSANTARCTIC MOUNTAINS / FERRAR SUPERGROUP-FERRAR DOLERITE","TAYLOR VALLEY, TRANSANTARTCIC MOUNTAINS",-77.6,-77.6,163,163,"subaerial",NA,NA,"DOLERITE",NA,NA,NA,NA,"QUARTZ",NA,NA,NA,NA,"primary",99.67,0,0.21,0.01,0.136,0,0,0,0.13,0.01,0,0,0,0,0,0,0,0,0,0,0,0,"QUARTZ"
"32","[15637] ZAVALA K. (2011)","samp. 96-B-1","CONTINENTAL FLOOD BASALT","KAROO AND FERRAR PROVINCES / FERRAR PROVINCE - TRANSANTARCTIC MOUNTAINS / FERRAR SUPERGROUP-FERRAR DOLERITE","TAYLOR VALLEY, TRANSANTARTCIC MOUNTAINS",-77.6,-77.6,163,163,"subaerial",NA,NA,"DOLERITE",NA,NA,NA,NA,"QUARTZ",NA,NA,NA,NA,"primary",100.28,0,0.04,0,0,0,0,0,0.03,0,0,0,0,0,0,0,0,0,0,0,0,0,"QUARTZ"
"33","[15637] ZAVALA K. (2011)","samp. 96-B-1","CONTINENTAL FLOOD BASALT","KAROO AND FERRAR PROVINCES / FERRAR PROVINCE - TRANSANTARCTIC MOUNTAINS / FERRAR SUPERGROUP-FERRAR DOLERITE","TAYLOR VALLEY, TRANSANTARTCIC MOUNTAINS",-77.6,-77.6,163,163,"subaerial",NA,NA,"DOLERITE",NA,NA,NA,NA,"QUARTZ",NA,NA,NA,NA,"primary",99.99,0,0.05,0,0.127,0.01,0,0,0.03,0.02,0,0,0,0,0,0,0,0,0,0,0,0,"QUARTZ"
"34","[15637] ZAVALA K. (2011)","samp. 154-A","CONTINENTAL FLOOD BASALT","KAROO AND FERRAR PROVINCES / FERRAR PROVINCE - TRANSANTARCTIC MOUNTAINS / FERRAR SUPERGROUP-FERRAR DOLERITE","TAYLOR VALLEY, TRANSANTARTCIC MOUNTAINS",-77.6,-77.6,163,163,"subaerial",NA,NA,"DOLERITE",NA,NA,NA,NA,"QUARTZ",NA,NA,NA,NA,"primary",99.68,0,0.25,0,0.18,0,0,0,0.09,0,0,0,0,0,0.01,0,0,0,0,0,0,0,"QUARTZ"
"35","[15637] ZAVALA K. (2011)","samp. 154-A","CONTINENTAL FLOOD BASALT","KAROO AND FERRAR PROVINCES / FERRAR PROVINCE - TRANSANTARCTIC MOUNTAINS / FERRAR SUPERGROUP-FERRAR DOLERITE","TAYLOR VALLEY, TRANSANTARTCIC MOUNTAINS",-77.6,-77.6,163,163,"subaerial",NA,NA,"DOLERITE",NA,NA,NA,NA,"QUARTZ",NA,NA,NA,NA,"primary",100.24,0,0.08,0,0.08,0.03,0,0,0.03,0.04,0.03,0,0,0,0,0,0,0,0,0,0,0,"QUARTZ"
"36","[15637] ZAVALA K. (2011)","samp. 154-A","CONTINENTAL FLOOD BASALT","KAROO AND FERRAR PROVINCES / FERRAR PROVINCE - TRANSANTARCTIC MOUNTAINS / FERRAR SUPERGROUP-FERRAR DOLERITE","TAYLOR VALLEY, TRANSANTARTCIC MOUNTAINS",-77.6,-77.6,163,163,"subaerial",NA,NA,"DOLERITE",NA,NA,NA,NA,"QUARTZ",NA,NA,NA,NA,"primary",99.33,0,0.11,0,0.01,0.01,0,0,0.02,0.001,0.0006573431810313,0,0,0,0,0,0,0,0,0,0,0,"QUARTZ"
"37","[15743] HIDALGO P. J. (2011)","samp. CGH12P1","CONVERGENT MARGIN","CENTRAL AMERICAN VOLCANIC ARC / CENTRAL AMERICAN VOLCANIC ARC-SOUTHEASTERN SEGMENT / PANAMA / EL VALLE / DOMES UNIT",NA,8.58,8.62,-80.1,-80.14,"subaerial",NA,NA,"DACITE",NA,NA,NA,NA,"QUARTZ","14",NA,"rim",NA,"primary",99.63,0.04,0.02,0.01,0.2,0.02,0.01,0.01,0.02,0,0.05,0,0,0,0,0,0,0,0,0,0,0,"QUARTZ"
"38","[15743] HIDALGO P. J. (2011)","samp. CGH12P2","CONVERGENT MARGIN","CENTRAL AMERICAN VOLCANIC ARC / CENTRAL AMERICAN VOLCANIC ARC-SOUTHEASTERN SEGMENT / PANAMA / EL VALLE / DOMES UNIT",NA,8.58,8.62,-80.1,-80.14,"subaerial",NA,NA,"DACITE",NA,NA,NA,NA,"QUARTZ","14",NA,"rim",NA,"primary",99.46,0.03,0.06,0,0.34,0.03,0.01,0.04,0,0,0,0,0,0,0,0,0,0,0,0,0,0,"QUARTZ"
"39","[15743] HIDALGO P. J. (2011)","samp. CCH5P5","CONVERGENT MARGIN","CENTRAL AMERICAN VOLCANIC ARC / CENTRAL AMERICAN VOLCANIC ARC-SOUTHEASTERN SEGMENT / PANAMA / EL VALLE / DOMES UNIT",NA,8.58,8.62,-80.1,-80.14,"subaerial",NA,NA,"DACITE",NA,NA,NA,NA,"QUARTZ","19",NA,"rim",NA,"primary",83.61,0.12,10.74,0.02,0.32,2.05,0.09,0.03,0.18,2.73,0.01,0,0,0,0,0,0,0,0,0,0,0,"QUARTZ"
"40","[15980] BOODEN M. A. (2012)","samp. R17880","CONVERGENT MARGIN","NEW ZEALAND / COROMANDEL-TAUPO / COROMANDEL VOLCANIC ZONE / WAIPUPU FORMATION (WAIWAWA SUBGROUP)","WAIPUPU",-36.5,-37.5,175.5,176,"subaerial",NA,NA,"DACITE, PYROXENE",NA,NA,NA,"fresh","QUARTZ",NA,NA,"rim",NA,"primary",97.91,0.02,0.01,0.04,0.03,0.05,0.04,0.16,0.05,0,0.03,0,0,0,0.14,0,0,0,0,0,0,0,"QUARTZ"
"41","[16504] SCOTT J. A. J. (2012)","samp. SG-09-37","CONVERGENT MARGIN","CENTRAL AMERICAN VOLCANIC ARC / CENTRAL AMERICAN VOLCANIC ARC-NORTHWESTERN SEGMENT / GUATEMALA / SANTIAGUITO","1940 ERUPTION ?",14.74223,14.74223,91.57175,91.57175,"subaerial",NA,NA,"DACITE","PORPHYRITIC",NA,NA,NA,"QUARTZ",NA,NA,NA,NA,"primary",99.6176,0.2126,1.4247,0,0.046,0.0351,0,0,0.0098,0.4436,0,0,0,0,0,0,0,0,0,0,0,0,"QUARTZ"
"42","[16504] SCOTT J. A. J. (2012)","samp. SG-09-38","CONVERGENT MARGIN","CENTRAL AMERICAN VOLCANIC ARC / CENTRAL AMERICAN VOLCANIC ARC-NORTHWESTERN SEGMENT / GUATEMALA / SANTIAGUITO","1940 ERUPTION ?",14.74227,14.74227,91.57108,91.57108,"subaerial",NA,NA,"DACITE","PORPHYRITIC",NA,NA,NA,"QUARTZ",NA,NA,NA,NA,"primary",96.6269,0.2472,2.9559,0,0.114,0.091,0.06,0,0.0561,0.6841,0.000349296931641479,0,0,0,0,0,0,0,0,0,0,0,"QUARTZ"
"43","[16504] SCOTT J. A. J. (2012)","samp. SG-09-38","CONVERGENT MARGIN","CENTRAL AMERICAN VOLCANIC ARC / CENTRAL AMERICAN VOLCANIC ARC-NORTHWESTERN SEGMENT / GUATEMALA / SANTIAGUITO","1940 ERUPTION ?",14.74227,14.74227,91.57108,91.57108,"subaerial",NA,NA,"DACITE","PORPHYRITIC",NA,NA,NA,"QUARTZ",NA,NA,NA,NA,"primary",97.7988,0.2345,2.9435,0,0.1042,0.0631,0,0,0.0167,0.5956,0.021,0,0,0,0,0,0,0,0,0,0,0,"QUARTZ"
"44","[16504] SCOTT J. A. J. (2012)","samp. SG-09-02","CONVERGENT MARGIN","CENTRAL AMERICAN VOLCANIC ARC / CENTRAL AMERICAN VOLCANIC ARC-NORTHWESTERN SEGMENT / GUATEMALA / SANTIAGUITO","ERUPTION YEAR 2001 - 02",14.72055,14.72055,91.57867,91.57867,"subaerial",NA,NA,"DACITE","PORPHYRITIC",NA,NA,NA,"QUARTZ",NA,NA,NA,NA,"primary",96.7616,0.2251,2.5276,0,0.1828,0.1061,0,0.000664207554750171,0.0348,0.804,0,0,0,0,0,0,0,0,0,0,0,0,"QUARTZ"
"45","[16504] SCOTT J. A. J. (2012)","samp. SG-09-07","CONVERGENT MARGIN","CENTRAL AMERICAN VOLCANIC ARC / CENTRAL AMERICAN VOLCANIC ARC-NORTHWESTERN SEGMENT / GUATEMALA / SANTIAGUITO","ERUPTION YEAR 2002",14.71971,14.71971,91.575,91.575,"subaerial",NA,NA,"ANDESITE","PORPHYRITIC",NA,NA,NA,"QUARTZ",NA,NA,NA,NA,"primary",99.2505,0.12,1.638,0.04,0.0779,0.0737,0,0.0092,0.0729,0.565,0.000347199166332611,0,0,0,0,0,0,0,0,0,0,0,"QUARTZ"
"46","[16504] SCOTT J. A. J. (2012)","samp. SG-09-07","CONVERGENT MARGIN","CENTRAL AMERICAN VOLCANIC ARC / CENTRAL AMERICAN VOLCANIC ARC-NORTHWESTERN SEGMENT / GUATEMALA / SANTIAGUITO","ERUPTION YEAR 2002",14.71971,14.71971,91.575,91.575,"subaerial",NA,NA,"ANDESITE","PORPHYRITIC",NA,NA,NA,"QUARTZ",NA,NA,NA,NA,"primary",99.0687,0.0784,0.816,0.06,0.055,0.0332,0.04,0.021,0.0229,0.3115,0.04,0,0,0,0,0,0,0,0,0,0,0,"QUARTZ"
"47","[16504] SCOTT J. A. J. (2012)","samp. SG-09-07","CONVERGENT MARGIN","CENTRAL AMERICAN VOLCANIC ARC / CENTRAL AMERICAN VOLCANIC ARC-NORTHWESTERN SEGMENT / GUATEMALA / SANTIAGUITO","ERUPTION YEAR 2002",14.71971,14.71971,91.575,91.575,"subaerial",NA,NA,"ANDESITE","PORPHYRITIC",NA,NA,NA,"QUARTZ",NA,NA,NA,NA,"primary",98.5499,0.1672,2.0478,0,0.0807,0.0626,0.0313,0.012,0.0163,0.464,0.03,0,0,0,0.04,0,0,0,0,0,0,0,"QUARTZ"
"48","[16504] SCOTT J. A. J. (2012)","samp. SG-09-37","CONVERGENT MARGIN","CENTRAL AMERICAN VOLCANIC ARC / CENTRAL AMERICAN VOLCANIC ARC-NORTHWESTERN SEGMENT / GUATEMALA / SANTIAGUITO","1940 ERUPTION ?",14.74223,14.74223,91.57175,91.57175,"subaerial",NA,NA,"DACITE","PORPHYRITIC",NA,NA,NA,"QUARTZ",NA,NA,NA,NA,"primary",96.4603,0.2225,2.912,0,0.0933,0.102,0.1,0.05,0.0236,0.5983,0,0,0,0,0,0,0,0,0,0,0,0,"QUARTZ"
"49","[16504] SCOTT J. A. J. (2012)","samp. SG-09-38","CONVERGENT MARGIN","CENTRAL AMERICAN VOLCANIC ARC / CENTRAL AMERICAN VOLCANIC ARC-NORTHWESTERN SEGMENT / GUATEMALA / SANTIAGUITO","1940 ERUPTION ?",14.74227,14.74227,91.57108,91.57108,"subaerial",NA,NA,"DACITE","PORPHYRITIC",NA,NA,NA,"QUARTZ",NA,NA,NA,NA,"primary",95.8682,0.2235,2.9936,0,0.1181,0.0791,0,0.019,0.1186,0.6053,0,0,0,0,0,0,0,0,0,0,0,0,"QUARTZ"
"50","[16504] SCOTT J. A. J. (2012)","samp. SG-09-38","CONVERGENT MARGIN","CENTRAL AMERICAN VOLCANIC ARC / CENTRAL AMERICAN VOLCANIC ARC-NORTHWESTERN SEGMENT / GUATEMALA / SANTIAGUITO","1940 ERUPTION ?",14.74227,14.74227,91.57108,91.57108,"subaerial",NA,NA,"DACITE","PORPHYRITIC",NA,NA,NA,"QUARTZ",NA,NA,NA,NA,"primary",94.4352,0.248,4.1884,0,0.2483,0.1308,0,0,0.4613,0.6396,0,0,0,0,0,0,0,0,0,0,0,0,"QUARTZ"
"51","[16504] SCOTT J. A. J. (2012)","samp. SG-09-38","CONVERGENT MARGIN","CENTRAL AMERICAN VOLCANIC ARC / CENTRAL AMERICAN VOLCANIC ARC-NORTHWESTERN SEGMENT / GUATEMALA / SANTIAGUITO","1940 ERUPTION ?",14.74227,14.74227,91.57108,91.57108,"subaerial",NA,NA,"DACITE","PORPHYRITIC",NA,NA,NA,"QUARTZ",NA,NA,NA,NA,"primary",93.5735,0.2077,4.1593,0,0.1934,0.1789,0.12,0.000564801527179004,0.2511,0.9197,0,0,0,0,0,0,0,0,0,0,0,0,"QUARTZ"
"52","[16504] SCOTT J. A. J. (2012)","samp. SG-09-38","CONVERGENT MARGIN","CENTRAL AMERICAN VOLCANIC ARC / CENTRAL AMERICAN VOLCANIC ARC-NORTHWESTERN SEGMENT / GUATEMALA / SANTIAGUITO","1940 ERUPTION ?",14.74227,14.74227,91.57108,91.57108,"subaerial",NA,NA,"DACITE","PORPHYRITIC",NA,NA,NA,"QUARTZ",NA,NA,NA,NA,"primary",96.8366,0.2326,3.0245,0.18,0.1763,0.0941,0,0.1,0.0209,0.5818,0.021,0,0,0,0,0,0,0,0,0,0,0,"QUARTZ"
"53","[16521] WAN YUSHENG (2012)","samp. CL","INTRAPLATE VOLCANICS","CENTRAL ASIAN FOLDBELT - CENOZOIC/QUATERNARY / TAIWAN / TAIWAN ISLAND / CHILUNG VOLCANO GROUP - CHILUNGSHAN",NA,23.85,23.85,120.767,120.767,"subaerial",NA,NA,"ANDESITE",NA,NA,NA,NA,"QUARTZ",NA,NA,NA,NA,"primary",96.55,0,2.64,0,0.15,0.75,0.12,0,0.08,0.62,0,0,0,0,0,0,0,0,0,0,0,0,"QUARTZ"
"54","[16521] WAN YUSHENG (2012)","samp. CL","INTRAPLATE VOLCANICS","CENTRAL ASIAN FOLDBELT - CENOZOIC/QUATERNARY / TAIWAN / TAIWAN ISLAND / CHILUNG VOLCANO GROUP - CHILUNGSHAN",NA,23.85,23.85,120.767,120.767,"subaerial",NA,NA,"ANDESITE",NA,NA,NA,NA,"QUARTZ",NA,NA,NA,NA,"primary",99.72,0.05,0.32,0.001,0.07,0.12,0.04,0.03,0,0.17,0,0,0,0,0,0,0,0,0,0,0,0,"QUARTZ"
"55","[16521] WAN YUSHENG (2012)","samp. CL","INTRAPLATE VOLCANICS","CENTRAL ASIAN FOLDBELT - CENOZOIC/QUATERNARY / TAIWAN / TAIWAN ISLAND / CHILUNG VOLCANO GROUP - CHILUNGSHAN",NA,23.85,23.85,120.767,120.767,"subaerial",NA,NA,"ANDESITE",NA,NA,NA,NA,"QUARTZ",NA,NA,NA,NA,"primary",80.45,0.12,4.91,0,0.71,1.48,0,0,1.16,0.64,0,0,0,0,0,0,0,0,0,0,0,0,"QUARTZ"
"56","[16521] WAN YUSHENG (2012)","samp. CL","INTRAPLATE VOLCANICS","CENTRAL ASIAN FOLDBELT - CENOZOIC/QUATERNARY / TAIWAN / TAIWAN ISLAND / CHILUNG VOLCANO GROUP - CHILUNGSHAN",NA,23.85,23.85,120.767,120.767,"subaerial",NA,NA,"ANDESITE",NA,NA,NA,NA,"QUARTZ",NA,NA,NA,NA,"primary",95.67,0.1,2.05,0.013,0.01,0.58,0.1,0.04,0.05,0.43,0.01,0,0,0,0,0,0,0,0,0,0,0,"QUARTZ"
"57","[16979] SIGMARSSON O. (2013)","samp. EH-1A","OCEAN ISLAND","CANARY ISLANDS / EL HIERRO","OCTOBER 2011 ERUPTION",27.5,27.5,-18,-18,"subaquatic",NA,NA,"RHYOLITE",NA,NA,NA,NA,"QUARTZ",NA,NA,"core",NA,"primary",100.2983,0,0.1126,0.04,0.0072,0,0.0151,0.0124,0.0285,0.044,0.01,0,0,0,0,0,0,0,0,0,0,0,"QUARTZ"
"58","[16979] SIGMARSSON O. (2013)","samp. EH-1A","OCEAN ISLAND","CANARY ISLANDS / EL HIERRO","OCTOBER 2011 ERUPTION",27.5,27.5,-18,-18,"subaquatic",NA,NA,"RHYOLITE",NA,NA,NA,NA,"QUARTZ",NA,NA,"core",NA,"primary",100.504,0.03,0.2228,0.02,0.0198,0.0374,0,0.022,0.1109,0.0619,0,0,0,0,0,0,0,0,0,0,0,0,"QUARTZ"
"59","[16979] SIGMARSSON O. (2013)","samp. EH-1A","OCEAN ISLAND","CANARY ISLANDS / EL HIERRO","OCTOBER 2011 ERUPTION",27.5,27.5,-18,-18,"subaquatic",NA,NA,"RHYOLITE",NA,NA,NA,NA,"QUARTZ",NA,NA,"core",NA,"primary",100.5878,0.0281,0.1803,0.045,0,0,0.0254,0.0092,0.0412,0.0372,0.04,0,0,0,0,0,0,0,0,0,0,0,"QUARTZ"
"60","[16979] SIGMARSSON O. (2013)","samp. EH-1A","OCEAN ISLAND","CANARY ISLANDS / EL HIERRO","OCTOBER 2011 ERUPTION",27.5,27.5,-18,-18,"subaquatic",NA,NA,"RHYOLITE",NA,NA,NA,NA,"QUARTZ",NA,NA,"core",NA,"primary",100.2988,0.0285,0.1831,0.014,0,0.0016,0.0313,0,0.0625,0.0696,0,0,0,0,0,0,0,0,0,0,0,0,"QUARTZ"
"61","[16979] SIGMARSSON O. (2013)","samp. EH-1A","OCEAN ISLAND","CANARY ISLANDS / EL HIERRO","OCTOBER 2011 ERUPTION",27.5,27.5,-18,-18,"subaquatic",NA,NA,"RHYOLITE",NA,NA,NA,NA,"QUARTZ",NA,NA,"rim",NA,"primary",99.1342,0.0228,0.6782,0,0.0109,0.0148,0.0611,0,0.1331,0.2059,0,0,0,0,0,0,0,0,0,0,0,0,"QUARTZ"
"62","[16979] SIGMARSSON O. (2013)","samp. EH-1A","OCEAN ISLAND","CANARY ISLANDS / EL HIERRO","OCTOBER 2011 ERUPTION",27.5,27.5,-18,-18,"subaquatic",NA,NA,"RHYOLITE",NA,NA,NA,NA,"QUARTZ",NA,NA,"rim",NA,"primary",99.4003,0.0246,0.7261,0,0.087,0.0312,0.101,0,0.0815,0.1208,0.021,0,0,0,0,0,0,0,0,0,0,0,"QUARTZ"
"63","[17029] SCOTT J. A. J. (2013)","samp. SG-09-37","CONVERGENT MARGIN","CENTRAL AMERICAN VOLCANIC ARC / CENTRAL AMERICAN VOLCANIC ARC-NORTHWESTERN SEGMENT / GUATEMALA / SANTIAGUITO","1940 ERUPTION ?",14.74223,14.74223,91.57175,91.57175,"subaerial",NA,NA,"DACITE","PORPHYRITIC",NA,NA,NA,"QUARTZ",NA,"phenocryst",NA,NA,"primary",99.6176,0.2126,1.4247,0,0.046,0.0351,0,0,0.0098,0.4436,0,0,0,0,0,0,0,0,0,0,0,0,"QUARTZ"
"64","[17029] SCOTT J. A. J. (2013)","samp. SG-09-38","CONVERGENT MARGIN","CENTRAL AMERICAN VOLCANIC ARC / CENTRAL AMERICAN VOLCANIC ARC-NORTHWESTERN SEGMENT / GUATEMALA / SANTIAGUITO","1940 ERUPTION ?",14.74227,14.74227,91.57108,91.57108,"subaerial",NA,NA,"DACITE","PORPHYRITIC",NA,NA,NA,"QUARTZ",NA,"phenocryst",NA,NA,"primary",96.6269,0.2472,2.9559,0,0.114,0.091,0,0.04,0.0561,0.6841,0,0,0,0,0,0,0,0,0,0,0,0,"QUARTZ"
"65","[17029] SCOTT J. A. J. (2013)","samp. SG-09-38","CONVERGENT MARGIN","CENTRAL AMERICAN VOLCANIC ARC / CENTRAL AMERICAN VOLCANIC ARC-NORTHWESTERN SEGMENT / GUATEMALA / SANTIAGUITO","1940 ERUPTION ?",14.74227,14.74227,91.57108,91.57108,"subaerial",NA,NA,"DACITE","PORPHYRITIC",NA,NA,NA,"QUARTZ",NA,"phenocryst",NA,NA,"primary",97.7988,0.2345,2.9435,0,0.1042,0.0631,0,0.007,0.0167,0.5956,0.01,0,0,0,0,0,0,0,0,0,0,0,"QUARTZ"
"66","[17029] SCOTT J. A. J. (2013)","samp. SG-09-02","CONVERGENT MARGIN","CENTRAL AMERICAN VOLCANIC ARC / CENTRAL AMERICAN VOLCANIC ARC-NORTHWESTERN SEGMENT / GUATEMALA / SANTIAGUITO","ERUPTION YEAR 2001 - 02",14.72055,14.72055,91.57867,91.57867,"subaerial",NA,NA,"DACITE","PORPHYRITIC",NA,NA,NA,"QUARTZ",NA,"microcryst",NA,NA,"primary",96.7616,0.2251,2.5276,0,0.1828,0.1061,0.05,0,0.0348,0.804,0.03,0,0,0,0,0,0,0,0,0,0,0,"QUARTZ"
"67","[17029] SCOTT J. A. J. (2013)","samp. SG-09-07","CONVERGENT MARGIN","CENTRAL AMERICAN VOLCANIC ARC / CENTRAL AMERICAN VOLCANIC ARC-NORTHWESTERN SEGMENT / GUATEMALA / SANTIAGUITO","ERUPTION YEAR 2002",14.71971,14.71971,91.575,91.575,"subaerial",NA,NA,"ANDESITE","PORPHYRITIC",NA,NA,NA,"QUARTZ",NA,"microcryst",NA,NA,"primary",99.2505,0.12,1.638,0,0.0779,0.0737,0.06,0,0.0729,0.565,0.000347199166332611,0,0,0,0,0,0,0,0,0,0,0,"QUARTZ"
"68","[17029] SCOTT J. A. J. (2013)","samp. SG-09-07","CONVERGENT MARGIN","CENTRAL AMERICAN VOLCANIC ARC / CENTRAL AMERICAN VOLCANIC ARC-NORTHWESTERN SEGMENT / GUATEMALA / SANTIAGUITO","ERUPTION YEAR 2002",14.71971,14.71971,91.575,91.575,"subaerial",NA,NA,"ANDESITE","PORPHYRITIC",NA,NA,NA,"QUARTZ",NA,"microcryst",NA,NA,"primary",99.0687,0.0784,0.816,0,0.055,0.0332,0.04,0,0.0229,0.3115,0.021,0,0,0,0,0,0,0,0,0,0,0,"QUARTZ"
"69","[17029] SCOTT J. A. J. (2013)","samp. SG-09-07","CONVERGENT MARGIN","CENTRAL AMERICAN VOLCANIC ARC / CENTRAL AMERICAN VOLCANIC ARC-NORTHWESTERN SEGMENT / GUATEMALA / SANTIAGUITO","ERUPTION YEAR 2002",14.71971,14.71971,91.575,91.575,"subaerial",NA,NA,"ANDESITE","PORPHYRITIC",NA,NA,NA,"QUARTZ",NA,"microcryst",NA,NA,"primary",98.5499,0.1672,2.0478,0.055,0.0807,0.0626,0.19,0.006,0.0163,0.464,0.04,0,0,0,0,0,0,0,0,0,0,0,"QUARTZ"
"70","[17029] SCOTT J. A. J. (2013)","samp. SG-09-37","CONVERGENT MARGIN","CENTRAL AMERICAN VOLCANIC ARC / CENTRAL AMERICAN VOLCANIC ARC-NORTHWESTERN SEGMENT / GUATEMALA / SANTIAGUITO","1940 ERUPTION ?",14.74223,14.74223,91.57175,91.57175,"subaerial",NA,NA,"DACITE","PORPHYRITIC",NA,NA,NA,"QUARTZ",NA,"microcryst",NA,NA,"primary",96.4603,0.2225,2.912,0,0.0933,0.102,0.04,0.02,0.0236,0.5983,0.000347199166332611,0,0,0,0,0,0,0,0,0,0,0,"QUARTZ"
"71","[17029] SCOTT J. A. J. (2013)","samp. SG-09-38","CONVERGENT MARGIN","CENTRAL AMERICAN VOLCANIC ARC / CENTRAL AMERICAN VOLCANIC ARC-NORTHWESTERN SEGMENT / GUATEMALA / SANTIAGUITO","1940 ERUPTION ?",14.74227,14.74227,91.57108,91.57108,"subaerial",NA,NA,"DACITE","PORPHYRITIC",NA,NA,NA,"QUARTZ",NA,"microcryst",NA,NA,"primary",95.8682,0.2235,2.9936,0.015,0.1181,0.0791,0,0.005,0.1186,0.6053,0.03,0,0,0,0.04,0,0,0,0,0,0,0,"QUARTZ"
"72","[17029] SCOTT J. A. J. (2013)","samp. SG-09-38","CONVERGENT MARGIN","CENTRAL AMERICAN VOLCANIC ARC / CENTRAL AMERICAN VOLCANIC ARC-NORTHWESTERN SEGMENT / GUATEMALA / SANTIAGUITO","1940 ERUPTION ?",14.74227,14.74227,91.57108,91.57108,"subaerial",NA,NA,"DACITE","PORPHYRITIC",NA,NA,NA,"QUARTZ",NA,"microcryst",NA,NA,"primary",94.4352,0.248,4.1884,0,0.2483,0.1308,0,0,0.4613,0.6396,0,0,0,0,0,0,0,0,0,0,0,0,"QUARTZ"
"73","[17029] SCOTT J. A. J. (2013)","samp. SG-09-38","CONVERGENT MARGIN","CENTRAL AMERICAN VOLCANIC ARC / CENTRAL AMERICAN VOLCANIC ARC-NORTHWESTERN SEGMENT / GUATEMALA / SANTIAGUITO","1940 ERUPTION ?",14.74227,14.74227,91.57108,91.57108,"subaerial",NA,NA,"DACITE","PORPHYRITIC",NA,NA,NA,"QUARTZ",NA,"microcryst",NA,NA,"primary",94.4352,0.248,4.1884,0,0.2483,0.1308,0,0,0.4613,0.6396,0.00101098101026015,0,0,0,0,0,0,0,0,0,0,0,"QUARTZ"
"74","[17029] SCOTT J. A. J. (2013)","samp. SG-09-38","CONVERGENT MARGIN","CENTRAL AMERICAN VOLCANIC ARC / CENTRAL AMERICAN VOLCANIC ARC-NORTHWESTERN SEGMENT / GUATEMALA / SANTIAGUITO","1940 ERUPTION ?",14.74227,14.74227,91.57108,91.57108,"subaerial",NA,NA,"DACITE","PORPHYRITIC",NA,NA,NA,"QUARTZ",NA,"microcryst",NA,NA,"primary",93.5735,0.2077,4.1593,0,0.1934,0.1789,0.1,0,0.2511,0.9197,0.000834973425436432,0,0,0,0,0,0,0,0,0,0,0,"QUARTZ"
"75","[17274] CHEN CHENG-HONG (1997)","samp. A-1","INTRAPLATE VOLCANICS","CENTRAL ASIAN FOLDBELT - CENOZOIC/QUATERNARY / TAIWAN / TAIWAN ISLAND","SITE A-1",25.8,25.8,121.1,121.1,"subaquatic",-2300,-2315,"ANDESITE, BASALTIC","HOLOCRYSTALLINE, MEDIUM- TO FINE-GRAINED",NA,NA,NA,"QUARTZ",NA,NA,NA,NA,"secondary",96.33,0.001,0.16,0.05,0.2,0,0.04,0.038,0,0.02,0.01,0,0,0,0.14,0,0,0,0,0,0,0,"QUARTZ"
"76","[17411] PRITCHARD C. J. (2013)","samp. GL47","CONTINENTAL FLOOD BASALT","YELLOWSTONE-SNAKE RIVER PLAIN VOLCANIC PROVINCE / YELLOWSTONE PLATEAU / YELLOWSTONE PLATEAU VOLCANIC FIELD","GRIZZLY LAKE COMPLEX, EAST GALLATIN-WASHBURN FAULT ZONE",44,45,-111,-111.5,"subaerial",NA,NA,"NOT GIVEN",NA,NA,NA,NA,"QUARTZ",NA,"xenocryst",NA,NA,"primary",97.456367,0.108959,1.303707,0.036,0.28504,0.001974,0,0,0.250059,0.139831,0.021,0,0,0,0,0,0,0,0,0,0,0,"QUARTZ"
"77","[17411] PRITCHARD C. J. (2013)","samp. GL47","CONTINENTAL FLOOD BASALT","YELLOWSTONE-SNAKE RIVER PLAIN VOLCANIC PROVINCE / YELLOWSTONE PLATEAU / YELLOWSTONE PLATEAU VOLCANIC FIELD","GRIZZLY LAKE COMPLEX, EAST GALLATIN-WASHBURN FAULT ZONE",44,45,-111,-111.5,"subaerial",NA,NA,"NOT GIVEN",NA,NA,NA,NA,"QUARTZ",NA,"xenocryst",NA,NA,"primary",97.420006,0,1.278976,0.055,0.283228,0.04381,0,0,0.232459,0.092502,0.00117729077743781,0,0,0,0,0,0,0,0,0,0,0,"QUARTZ"
"78","[17411] PRITCHARD C. J. (2013)","samp. GL47","CONTINENTAL FLOOD BASALT","YELLOWSTONE-SNAKE RIVER PLAIN VOLCANIC PROVINCE / YELLOWSTONE PLATEAU / YELLOWSTONE PLATEAU VOLCANIC FIELD","GRIZZLY LAKE COMPLEX, EAST GALLATIN-WASHBURN FAULT ZONE",44,45,-111,-111.5,"subaerial",NA,NA,"NOT GIVEN",NA,NA,NA,NA,"QUARTZ",NA,"xenocryst",NA,NA,"primary",98.696198,0.043241,0.659206,0.01,0.22636,0.064144,0.002586,0.009269,0.1436,0.106494,0.04,0,0,0,0,0,0,0,0,0,0,0,"QUARTZ"
"79","[18730] BERNARD B. (2014)","samp. PDC-009-B","CONVERGENT MARGIN","ANDEAN ARC / NORTHERN ANDEAN VOLCANIC ZONE / ECUADOR / CHACHIMBIRO","3640 TO 3510 YEARS BC ERUPTION; NORTHERN PART OF ECUADORIAN VOLCANIC FRONT, 80 KM N OF QUITO",0.468,0.468,-78.287,-78.287,"subaerial",NA,4034,"RHYODACITE",NA,NA,NA,NA,"QUARTZ",NA,"microcryst",NA,NA,"primary",100.585,0.0525,0.0892,0,0.1115,0,0,0,0,0.0081,0.026,0,0,0,0,0,0,0,0,0,0,0,"QUARTZ"
"80","[18730] BERNARD B. (2014)","samp. PDC-009-B","CONVERGENT MARGIN","ANDEAN ARC / NORTHERN ANDEAN VOLCANIC ZONE / ECUADOR / CHACHIMBIRO","3640 TO 3510 YEARS BC ERUPTION; NORTHERN PART OF ECUADORIAN VOLCANIC FRONT, 80 KM N OF QUITO",0.468,0.468,-78.287,-78.287,"subaerial",NA,4034,"RHYODACITE",NA,NA,NA,NA,"QUARTZ",NA,"microcryst",NA,NA,"primary",100.3981,0.0169,0.1077,0,0.0359,0.0321,0.0224,0,0,0,0.04,0,0,0,0,0,0,0,0,0,0,0,"QUARTZ"
"81","[18928] LARREA P. (2014)","samp. GRENX-2","OCEAN ISLAND","AZORES / GRACIOSA / ENXUDREIRO UNIT","ENXUDREIRO",39.05,39.05,-28.05,-28.05,"subaerial",NA,NA,"SYENITE","INEQUIGRANULAR",NA,NA,NA,"QUARTZ",NA,NA,NA,NA,"primary",98.96,0.04,0,0,0.03,0,0,0,0,0,0.04,0,0,0,0.04,0,0,0,0,0,0,0,"QUARTZ"
"82","[18928] LARREA P. (2014)","samp. GRENX-2","OCEAN ISLAND","AZORES / GRACIOSA / ENXUDREIRO UNIT","ENXUDREIRO",39.05,39.05,-28.05,-28.05,"subaerial",NA,NA,"SYENITE","INEQUIGRANULAR",NA,NA,NA,"QUARTZ",NA,NA,NA,NA,"primary",98.37,0,0.03,0,0.01,0,0,0,0.03,0,0.03,0,0,0,0,0,0,0,0,0,0,0,"QUARTZ"
"83","[19227] STERN R. J. (2014)","samp. 1363-R06","CONVERGENT MARGIN","MARIANA ARC / MARIANA TRENCH","APPROXIMATELY 30 KM NORTH OF THE TRENCH AXES; 7.5 KM WEST OF SHINKAI DEEP FIELD; 60 KM ENE OF CHALLENGER DEEP",11.625,11.625,142.9917,142.9917,"subaerial",NA,NA,"NOT GIVEN",NA,NA,NA,NA,"QUARTZ",NA,"groundmass",NA,NA,"primary",98.53,0.01,0.19,0.01,0.087,0.03,0.15,0,0.02,0,0,0,0,0,0,0,0,0,0,0,0,0,"QUARTZ"
"84","[19330] BOLTE T. (2015)","samp. 09-018","CONTINENTAL FLOOD BASALT","YELLOWSTONE-SNAKE RIVER PLAIN VOLCANIC PROVINCE / SNAKE RIVER PLAIN / BLACKTAIL CREK TUFF","BLACKTAIL CREEK RESERVOIR, IDAHO",43.58,43.58,-111.74,-111.74,"subaerial",NA,NA,"RHYOLITE",NA,NA,NA,NA,"QUARTZ",NA,NA,NA,NA,"primary",98.5080443919097,0,0.19,0.04,0.0359,0.023,0,0.007,0.033,0,0,0,0,0,0,0,0,0,0,0,0,0,"QUARTZ"
"85","[19330] BOLTE T. (2015)","samp. 09-018","CONTINENTAL FLOOD BASALT","YELLOWSTONE-SNAKE RIVER PLAIN VOLCANIC PROVINCE / SNAKE RIVER PLAIN / BLACKTAIL CREK TUFF","BLACKTAIL CREEK RESERVOIR, IDAHO",43.58,43.58,-111.74,-111.74,"subaerial",NA,NA,"RHYOLITE",NA,NA,NA,NA,"QUARTZ",NA,NA,NA,NA,"primary",98.7962744067945,0,0,0,0.227,0.026,0,0.02,0,0.008,0.0006573431810313,0,0,0,0,0,0,0,0,0,0,0,"QUARTZ"
"86","[19330] BOLTE T. (2015)","samp. 09-018","CONTINENTAL FLOOD BASALT","YELLOWSTONE-SNAKE RIVER PLAIN VOLCANIC PROVINCE / SNAKE RIVER PLAIN / BLACKTAIL CREK TUFF","BLACKTAIL CREEK RESERVOIR, IDAHO",43.58,43.58,-111.74,-111.74,"subaerial",NA,NA,"RHYOLITE",NA,NA,NA,NA,"QUARTZ",NA,NA,NA,NA,"primary",98.8252138917033,0,0,0,0.032,0,0.011,0,0.0212499239554585,0,0.0006573431810313,0,0,0,0,0,0,0,0,0,0,0,"QUARTZ"
"87","[19330] BOLTE T. (2015)","samp. 09-018","CONTINENTAL FLOOD BASALT","YELLOWSTONE-SNAKE RIVER PLAIN VOLCANIC PROVINCE / SNAKE RIVER PLAIN / BLACKTAIL CREK TUFF","BLACKTAIL CREEK RESERVOIR, IDAHO",43.58,43.58,-111.74,-111.74,"subaerial",NA,NA,"RHYOLITE",NA,NA,NA,NA,"QUARTZ",NA,NA,NA,NA,"primary",98.4223622489429,0,0.1,0,0.081,0.014,0.02,0,0,0,0,0,0,0,0,0,0,0,0,0,0,0,"QUARTZ"
"88","[19330] BOLTE T. (2015)","samp. 09-018","CONTINENTAL FLOOD BASALT","YELLOWSTONE-SNAKE RIVER PLAIN VOLCANIC PROVINCE / SNAKE RIVER PLAIN / BLACKTAIL CREK TUFF","BLACKTAIL CREEK RESERVOIR, IDAHO",43.58,43.58,-111.74,-111.74,"subaerial",NA,NA,"RHYOLITE",NA,NA,NA,NA,"QUARTZ",NA,NA,NA,NA,"primary",99.0824854651163,0.01,0.1,0.039,0.0807,0.016,0.15,0.04,0,0.03,0.04,0,0,0,0,0,0,0,0,0,0,0,"QUARTZ"
"89","[19330] BOLTE T. (2015)","samp. 09-018","CONTINENTAL FLOOD BASALT","YELLOWSTONE-SNAKE RIVER PLAIN VOLCANIC PROVINCE / SNAKE RIVER PLAIN / BLACKTAIL CREK TUFF","BLACKTAIL CREEK RESERVOIR, IDAHO",43.58,43.58,-111.74,-111.74,"subaerial",NA,NA,"RHYOLITE",NA,NA,NA,NA,"QUARTZ",NA,NA,NA,NA,"primary",98.4674947145877,0.19,0.6782,0,0.41,0.0148,0.01,0.000664207554750171,0,0,0,0,0,0,0,0,0,0,0,0,0,0,"QUARTZ"
"90","[19330] BOLTE T. (2015)","samp. 09-018","CONTINENTAL FLOOD BASALT","YELLOWSTONE-SNAKE RIVER PLAIN VOLCANIC PROVINCE / SNAKE RIVER PLAIN / BLACKTAIL CREK TUFF","BLACKTAIL CREEK RESERVOIR, IDAHO",43.58,43.58,-111.74,-111.74,"subaerial",NA,NA,"RHYOLITE",NA,NA,NA,NA,"QUARTZ",NA,NA,NA,NA,"primary",98.088241609408,0.00988037407174887,0,0,0.116,0.05,0.008,0,0.006,0.0221900929770004,0,0,0,0,0,0,0,0,0,0,0,0,"QUARTZ"
"91","[19330] BOLTE T. (2015)","samp. 09-018","CONTINENTAL FLOOD BASALT","YELLOWSTONE-SNAKE RIVER PLAIN VOLCANIC PROVINCE / SNAKE RIVER PLAIN / BLACKTAIL CREK TUFF","BLACKTAIL CREEK RESERVOIR, IDAHO",43.58,43.58,-111.74,-111.74,"subaerial",NA,NA,"RHYOLITE",NA,NA,NA,NA,"QUARTZ",NA,NA,NA,NA,"primary",98.49028392574,0.013,0.61,0,0.095,0,0.002586,0,0,0.092502,0,0,0,0,0,0,0,0,0,0,0,0,"QUARTZ"
"92","[19330] BOLTE T. (2015)","samp. 09-018","CONTINENTAL FLOOD BASALT","YELLOWSTONE-SNAKE RIVER PLAIN VOLCANIC PROVINCE / SNAKE RIVER PLAIN / BLACKTAIL CREK TUFF","BLACKTAIL CREEK RESERVOIR, IDAHO",43.58,43.58,-111.74,-111.74,"subaerial",NA,NA,"RHYOLITE",NA,NA,NA,NA,"QUARTZ",NA,NA,NA,NA,"primary",99.3996727272727,0,0.0210372636757027,0,0.172,0.01,0,0,0.023,0,0,0,0,0,0,0,0,0,0,0,0,0,"QUARTZ"
"93","[19330] BOLTE T. (2015)","samp. 09-018","CONTINENTAL FLOOD BASALT","YELLOWSTONE-SNAKE RIVER PLAIN VOLCANIC PROVINCE / SNAKE RIVER PLAIN / BLACKTAIL CREK TUFF","BLACKTAIL CREEK RESERVOIR, IDAHO",43.58,43.58,-111.74,-111.74,"subaerial",NA,NA,"RHYOLITE",NA,NA,NA,NA,"QUARTZ",NA,NA,NA,NA,"primary",99.58513,0.00988037407174887,0.003,0.06,0.156,0,0,0.000564801527179004,0.006,0,0,0,0,0,0,0,0,0,0,0,0,0,"QUARTZ"
"94","[19330] BOLTE T. (2015)","samp. 09-018","CONTINENTAL FLOOD BASALT","YELLOWSTONE-SNAKE RIVER PLAIN VOLCANIC PROVINCE / SNAKE RIVER PLAIN / BLACKTAIL CREK TUFF","BLACKTAIL CREEK RESERVOIR, IDAHO",43.58,43.58,-111.74,-111.74,"subaerial",NA,NA,"RHYOLITE",NA,NA,NA,NA,"QUARTZ",NA,NA,NA,NA,"primary",99.3070777777778,0.25,0.441,0,0.34,0.1,0.101,0.00107882421692848,0.0815,0.22,0,0,0,0,0,0,0,0,0,0,0,0,"QUARTZ"
"95","[19330] BOLTE T. (2015)","samp. 09-018","CONTINENTAL FLOOD BASALT","YELLOWSTONE-SNAKE RIVER PLAIN VOLCANIC PROVINCE / SNAKE RIVER PLAIN / BLACKTAIL CREK TUFF","BLACKTAIL CREEK RESERVOIR, IDAHO",43.58,43.58,-111.74,-111.74,"subaerial",NA,NA,"RHYOLITE",NA,NA,NA,NA,"QUARTZ",NA,NA,NA,NA,"primary",99.9397108743234,0,0.19,0,0.96,0.0312,0.0611,0,0.95,0,0,0,0,0,0,0,0,0,0,0,0,0,"QUARTZ"
"96","[19330] BOLTE T. (2015)","samp. 09-018","CONTINENTAL FLOOD BASALT","YELLOWSTONE-SNAKE RIVER PLAIN VOLCANIC PROVINCE / SNAKE RIVER PLAIN / BLACKTAIL CREK TUFF","BLACKTAIL CREEK RESERVOIR, IDAHO",43.58,43.58,-111.74,-111.74,"subaerial",NA,NA,"RHYOLITE",NA,NA,NA,NA,"QUARTZ",NA,NA,NA,NA,"primary",99.9309623979344,0.0784,0.9,0.18,0.049,0.044,0.013,0.038,0,0.112,0,0,0,0,0,0,0,0,0,0,0,0,"QUARTZ"
"97","[19330] BOLTE T. (2015)","samp. 09-018","CONTINENTAL FLOOD BASALT","YELLOWSTONE-SNAKE RIVER PLAIN VOLCANIC PROVINCE / SNAKE RIVER PLAIN / BLACKTAIL CREK TUFF","BLACKTAIL CREEK RESERVOIR, IDAHO",43.58,43.58,-111.74,-111.74,"subaerial",NA,NA,"RHYOLITE",NA,NA,NA,NA,"QUARTZ",NA,NA,NA,NA,"primary",99.8571000275233,0.0046926816762517,0.03,0,0.151,0.00726929147295854,0,0,0.0155146550329644,0.00907315397962623,0,0,0,0,0,0,0,0,0,0,0,0,"QUARTZ"
"98","[19609] BLOCK K. A. (2015)","samp. RL-2","CONTINENTAL FLOOD BASALT","CENTRAL ATLANTIC MAGMATIC PROVINCE - CAMP / UNITED STATES / PALISADES SILL","UPPER NYACK SECTION, NORTHERN NEWARK BASIN, NEW YORK",41.1204,41.1204,-73.9246,-73.9246,"subaerial",NA,NA,"GRANOPHYRE",NA,NA,NA,NA,"QUARTZ",NA,NA,NA,NA,"primary",83.808,0.037,9.049,0,0.147,0.247,0.029,0.004,1.966,4.113,0.021,0,0,0,0.04,0,0,0,0,0,0,0,"QUARTZ"
"99","[19609] BLOCK K. A. (2015)","samp. RL-7","CONTINENTAL FLOOD BASALT","CENTRAL ATLANTIC MAGMATIC PROVINCE - CAMP / UNITED STATES / PALISADES SILL","UPPER NYACK SECTION, NORTHERN NEWARK BASIN, NEW YORK",41.1217,41.1217,-73.9246,-73.9246,"subaerial",NA,NA,"GRANOPHYRE",NA,NA,NA,NA,"QUARTZ",NA,NA,NA,NA,"primary",99.973,0.084,0,0,0.04,0.007,0,0.007,0.036,0,0,0,0,0,0,0,0,0,0,0,0,0,"QUARTZ"
"100","[19852] BRANDL P. A. (2015)","samp. V1","INTRAPLATE VOLCANICS","EUROPEAN OROGENIC BELT - CENOZOIC/QUATERNARY / CZECH REPUBLIC / BOHEMIAN MASSIF / ZELEZNA HURKA (EISENB<dc>HL)",NA,50,50,12,12,"subaerial",NA,NA,"NOT GIVEN",NA,NA,NA,NA,"QUARTZ",NA,NA,NA,NA,"primary",100.903,0.039,0.003,0.005,0,0,0,0,0.007,0.004,0.026,0,0,0,0,0,0,0,0,0,0,0,"QUARTZ"
"101","[19852] BRANDL P. A. (2015)","samp. V1","INTRAPLATE VOLCANICS","EUROPEAN OROGENIC BELT - CENOZOIC/QUATERNARY / CZECH REPUBLIC / BOHEMIAN MASSIF / ZELEZNA HURKA (EISENB<dc>HL)",NA,50,50,12,12,"subaerial",NA,NA,"NOT GIVEN",NA,NA,NA,NA,"QUARTZ",NA,NA,NA,NA,"primary",100.903,0.039,0.003,0.005,0,0,0,0,0.007,0.004,0.026,0,0,0,0,0,0,0,0,0,0,0,"QUARTZ"
"102","[19852] BRANDL P. A. (2015)","samp. XENOA","INTRAPLATE VOLCANICS","EUROPEAN OROGENIC BELT - CENOZOIC/QUATERNARY / CZECH REPUBLIC / BOHEMIAN MASSIF / ZELEZNA HURKA (EISENB<dc>HL)",NA,50,50,12,12,"subaerial",NA,NA,"NOT GIVEN",NA,NA,NA,NA,"QUARTZ",NA,NA,NA,NA,"primary",97.392,0.07,0,0.01,0.013,0.002,0.001,0.024,0.016,0.005,0,0,0,0,0,0,0,0,0,0,0,0,"QUARTZ"
"103","[19852] BRANDL P. A. (2015)","samp. XENOA","INTRAPLATE VOLCANICS","EUROPEAN OROGENIC BELT - CENOZOIC/QUATERNARY / CZECH REPUBLIC / BOHEMIAN MASSIF / ZELEZNA HURKA (EISENB<dc>HL)",NA,50,50,12,12,"subaerial",NA,NA,"NOT GIVEN",NA,NA,NA,NA,"QUARTZ",NA,NA,NA,NA,"primary",97.153,0.036,0.011,0,0.048,0.016,0.013,0.014,0.024,0.002,0.000349296931641479,0,0,0,0,0,0,0,0,0,0,0,"QUARTZ"
"104","[19852] BRANDL P. A. (2015)","samp. XENOA","INTRAPLATE VOLCANICS","EUROPEAN OROGENIC BELT - CENOZOIC/QUATERNARY / CZECH REPUBLIC / BOHEMIAN MASSIF / ZELEZNA HURKA (EISENB<dc>HL)",NA,50,50,12,12,"subaerial",NA,NA,"NOT GIVEN",NA,NA,NA,NA,"QUARTZ",NA,NA,NA,NA,"primary",97.769,0,0,0.027,0.029,0.027,0,0,0.012,0.012,0.01,0,0,0,0,0,0,0,0,0,0,0,"QUARTZ"
"105","[19852] BRANDL P. A. (2015)","samp. XENOA","INTRAPLATE VOLCANICS","EUROPEAN OROGENIC BELT - CENOZOIC/QUATERNARY / CZECH REPUBLIC / BOHEMIAN MASSIF / ZELEZNA HURKA (EISENB<dc>HL)",NA,50,50,12,12,"subaerial",NA,NA,"NOT GIVEN",NA,NA,NA,NA,"QUARTZ",NA,NA,NA,NA,"primary",96.93,0.019,0.011,0.012,0.032,0.014,0,0.041,0.017,0,0.000347199166332611,0,0,0,0,0,0,0,0,0,0,0,"QUARTZ"
"106","[19852] BRANDL P. A. (2015)","samp. MATRIXA","INTRAPLATE VOLCANICS","EUROPEAN OROGENIC BELT - CENOZOIC/QUATERNARY / CZECH REPUBLIC / BOHEMIAN MASSIF / ZELEZNA HURKA (EISENB<dc>HL)",NA,50,50,12,12,"subaerial",NA,NA,"NOT GIVEN",NA,NA,NA,NA,"QUARTZ",NA,NA,NA,NA,"primary",95.851,0.002,0.01,0.032,0.227,0.026,0,0,0.005,0,0.03,0,0,0,0,0,0,0,0,0,0,0,"QUARTZ"
"107","[19852] BRANDL P. A. (2015)","samp. MATRIXA","INTRAPLATE VOLCANICS","EUROPEAN OROGENIC BELT - CENOZOIC/QUATERNARY / CZECH REPUBLIC / BOHEMIAN MASSIF / ZELEZNA HURKA (EISENB<dc>HL)",NA,50,50,12,12,"subaerial",NA,NA,"NOT GIVEN",NA,NA,NA,NA,"QUARTZ",NA,NA,NA,NA,"primary",96.806,0.042,0.003,0,0.197,0.038,0.011,0,0.006,0.018,0.000349296931641479,0,0,0,0,0,0,0,0,0,0,0,"QUARTZ"
"108","[19852] BRANDL P. A. (2015)","samp. MATRIXA","INTRAPLATE VOLCANICS","EUROPEAN OROGENIC BELT - CENOZOIC/QUATERNARY / CZECH REPUBLIC / BOHEMIAN MASSIF / ZELEZNA HURKA (EISENB<dc>HL)",NA,50,50,12,12,"subaerial",NA,NA,"NOT GIVEN",NA,NA,NA,NA,"QUARTZ",NA,NA,NA,NA,"primary",96.611,0,0,0,0.174,0.035,0,0.019,0,0,0,0,0,0,0.14,0,0,0,0,0,0,0,"QUARTZ"
"109","[19852] BRANDL P. A. (2015)","samp. MATRIXA","INTRAPLATE VOLCANICS","EUROPEAN OROGENIC BELT - CENOZOIC/QUATERNARY / CZECH REPUBLIC / BOHEMIAN MASSIF / ZELEZNA HURKA (EISENB<dc>HL)",NA,50,50,12,12,"subaerial",NA,NA,"NOT GIVEN",NA,NA,NA,NA,"QUARTZ",NA,NA,NA,NA,"primary",97.089,0.047,0.016,0,0.03,0.022,0,0.012,0.026,0,0,0,0,0,0,0,0,0,0,0,0,0,"QUARTZ"
"110","[19852] BRANDL P. A. (2015)","samp. MATRIXA","INTRAPLATE VOLCANICS","EUROPEAN OROGENIC BELT - CENOZOIC/QUATERNARY / CZECH REPUBLIC / BOHEMIAN MASSIF / ZELEZNA HURKA (EISENB<dc>HL)",NA,50,50,12,12,"subaerial",NA,NA,"NOT GIVEN",NA,NA,NA,NA,"QUARTZ",NA,NA,NA,NA,"primary",96.473,0.047,0.011,0.01,0.106,0.019,0.002,0.044,0,0,0,0,0,0,0,0,0,0,0,0,0,0,"QUARTZ"
"111","[19852] BRANDL P. A. (2015)","samp. MATRIXA","INTRAPLATE VOLCANICS","EUROPEAN OROGENIC BELT - CENOZOIC/QUATERNARY / CZECH REPUBLIC / BOHEMIAN MASSIF / ZELEZNA HURKA (EISENB<dc>HL)",NA,50,50,12,12,"subaerial",NA,NA,"NOT GIVEN",NA,NA,NA,NA,"QUARTZ",NA,NA,NA,NA,"primary",94.528,0.003,0.053,0,0.151,0.022,0.011,0,0,0,0,0,0,0,0,0,0,0,0,0,0,0,"QUARTZ"
"112","[19852] BRANDL P. A. (2015)","samp. MATRIXA","INTRAPLATE VOLCANICS","EUROPEAN OROGENIC BELT - CENOZOIC/QUATERNARY / CZECH REPUBLIC / BOHEMIAN MASSIF / ZELEZNA HURKA (EISENB<dc>HL)",NA,50,50,12,12,"subaerial",NA,NA,"NOT GIVEN",NA,NA,NA,NA,"QUARTZ",NA,NA,NA,NA,"primary",97.587,0,0,0.015,0.039,0.026,0,0,0.021,0.005,0.04,0,0,0,0,0,0,0,0,0,0,0,"QUARTZ"
"113","[19852] BRANDL P. A. (2015)","samp. MATRIXA","INTRAPLATE VOLCANICS","EUROPEAN OROGENIC BELT - CENOZOIC/QUATERNARY / CZECH REPUBLIC / BOHEMIAN MASSIF / ZELEZNA HURKA (EISENB<dc>HL)",NA,50,50,12,12,"subaerial",NA,NA,"NOT GIVEN",NA,NA,NA,NA,"QUARTZ",NA,NA,NA,NA,"primary",96.574,0.001,0.002,0.03,0.143,0.046,0.012,0,0.009,0,0.04,0,0,0,0,0,0,0,0,0,0,0,"QUARTZ"
"114","[19852] BRANDL P. A. (2015)","samp. MATRIXA","INTRAPLATE VOLCANICS","EUROPEAN OROGENIC BELT - CENOZOIC/QUATERNARY / CZECH REPUBLIC / BOHEMIAN MASSIF / ZELEZNA HURKA (EISENB<dc>HL)",NA,50,50,12,12,"subaerial",NA,NA,"NOT GIVEN",NA,NA,NA,NA,"QUARTZ",NA,NA,NA,NA,"primary",95.654,0.004,0,0.041,0.096,0.001,0.009,0,0.001,0.005,0.000532538057354238,0,0,0,0,0,0,0,0,0,0,0,"QUARTZ"
"115","[19852] BRANDL P. A. (2015)","samp. XENOB","INTRAPLATE VOLCANICS","EUROPEAN OROGENIC BELT - CENOZOIC/QUATERNARY / CZECH REPUBLIC / BOHEMIAN MASSIF / ZELEZNA HURKA (EISENB<dc>HL)",NA,50,50,12,12,"subaerial",NA,NA,"NOT GIVEN",NA,NA,NA,NA,"QUARTZ",NA,NA,NA,NA,"primary",95.467,0.011,0.01,0.045,0.068,0,0.007,0.02,0.006,0,0,0,0,0,0,0,0,0,0,0,0,0,"QUARTZ"
"116","[19852] BRANDL P. A. (2015)","samp. XENOB","INTRAPLATE VOLCANICS","EUROPEAN OROGENIC BELT - CENOZOIC/QUATERNARY / CZECH REPUBLIC / BOHEMIAN MASSIF / ZELEZNA HURKA (EISENB<dc>HL)",NA,50,50,12,12,"subaerial",NA,NA,"NOT GIVEN",NA,NA,NA,NA,"QUARTZ",NA,NA,NA,NA,"primary",97.079,0,0.013,0,0.003,0.027,0,0.023,0,0.038,0.026,0,0,0,0.14,0,0,0,0,0,0,0,"QUARTZ"
"117","[19852] BRANDL P. A. (2015)","samp. XENOB","INTRAPLATE VOLCANICS","EUROPEAN OROGENIC BELT - CENOZOIC/QUATERNARY / CZECH REPUBLIC / BOHEMIAN MASSIF / ZELEZNA HURKA (EISENB<dc>HL)",NA,50,50,12,12,"subaerial",NA,NA,"NOT GIVEN",NA,NA,NA,NA,"QUARTZ",NA,NA,NA,NA,"primary",94.975,0,0,0.013,0.025,0.031,0,0.046,0.004,0,0.000347199166332611,0,0,0,0.14,0,0,0,0,0,0,0,"QUARTZ"
"118","[19852] BRANDL P. A. (2015)","samp. XENOB","INTRAPLATE VOLCANICS","EUROPEAN OROGENIC BELT - CENOZOIC/QUATERNARY / CZECH REPUBLIC / BOHEMIAN MASSIF / ZELEZNA HURKA (EISENB<dc>HL)",NA,50,50,12,12,"subaerial",NA,NA,"NOT GIVEN",NA,NA,NA,NA,"QUARTZ",NA,NA,NA,NA,"primary",96.039,0,0.388,0.014,0.155,0.041,0.039,0.006,0.024,0.016,0,0,0,0,0.14,0,0,0,0,0,0,0,"QUARTZ"
"119","[19852] BRANDL P. A. (2015)","samp. XENOB","INTRAPLATE VOLCANICS","EUROPEAN OROGENIC BELT - CENOZOIC/QUATERNARY / CZECH REPUBLIC / BOHEMIAN MASSIF / ZELEZNA HURKA (EISENB<dc>HL)",NA,50,50,12,12,"subaerial",NA,NA,"NOT GIVEN",NA,NA,NA,NA,"QUARTZ",NA,NA,NA,NA,"primary",97.549,0.013,0.01,0,0.062,0,0,0.013,0.001,0,0,0,0,0,0,0,0,0,0,0,0,0,"QUARTZ"
"120","[19852] BRANDL P. A. (2015)","samp. MATRIXB","INTRAPLATE VOLCANICS","EUROPEAN OROGENIC BELT - CENOZOIC/QUATERNARY / CZECH REPUBLIC / BOHEMIAN MASSIF / ZELEZNA HURKA (EISENB<dc>HL)",NA,50,50,12,12,"subaerial",NA,NA,"NOT GIVEN",NA,NA,NA,NA,"QUARTZ",NA,NA,NA,NA,"primary",95.547,0.064,0,0,0.136,0.027,0.011,0.007,0.014,0.001,0,0,0,0,0.14,0,0,0,0,0,0,0,"QUARTZ"
"121","[19852] BRANDL P. A. (2015)","samp. MATRIXB","INTRAPLATE VOLCANICS","EUROPEAN OROGENIC BELT - CENOZOIC/QUATERNARY / CZECH REPUBLIC / BOHEMIAN MASSIF / ZELEZNA HURKA (EISENB<dc>HL)",NA,50,50,12,12,"subaerial",NA,NA,"NOT GIVEN",NA,NA,NA,NA,"QUARTZ",NA,NA,NA,NA,"primary",95.815,0.037,0.006,0.025,0.153,0.029,0,0,0.008,0,0,0,0,0,0,0,0,0,0,0,0,0,"QUARTZ"
"122","[19852] BRANDL P. A. (2015)","samp. MATRIXB","INTRAPLATE VOLCANICS","EUROPEAN OROGENIC BELT - CENOZOIC/QUATERNARY / CZECH REPUBLIC / BOHEMIAN MASSIF / ZELEZNA HURKA (EISENB<dc>HL)",NA,50,50,12,12,"subaerial",NA,NA,"NOT GIVEN",NA,NA,NA,NA,"QUARTZ",NA,NA,NA,NA,"primary",97.606,0.022,0.01,0.028,0.137,0,0.01,0,0.003,0,0,0,0,0,0,0,0,0,0,0,0,0,"QUARTZ"
"123","[19852] BRANDL P. A. (2015)","samp. MATRIXB","INTRAPLATE VOLCANICS","EUROPEAN OROGENIC BELT - CENOZOIC/QUATERNARY / CZECH REPUBLIC / BOHEMIAN MASSIF / ZELEZNA HURKA (EISENB<dc>HL)",NA,50,50,12,12,"subaerial",NA,NA,"NOT GIVEN",NA,NA,NA,NA,"QUARTZ",NA,NA,NA,NA,"primary",97.586,0,0,0,0.081,0.006,0.006,0.04,0,0.009,0,0,0,0,0,0,0,0,0,0,0,0,"QUARTZ"
"124","[19852] BRANDL P. A. (2015)","samp. MATRIXB","INTRAPLATE VOLCANICS","EUROPEAN OROGENIC BELT - CENOZOIC/QUATERNARY / CZECH REPUBLIC / BOHEMIAN MASSIF / ZELEZNA HURKA (EISENB<dc>HL)",NA,50,50,12,12,"subaerial",NA,NA,"NOT GIVEN",NA,NA,NA,NA,"QUARTZ",NA,NA,NA,NA,"primary",97.582,0.033,0.015,0,0.033,0.024,0,0.014,0,0.008,0,0,0,0,0,0,0,0,0,0,0,0,"QUARTZ"
"125","[19852] BRANDL P. A. (2015)","samp. MATRIXB","INTRAPLATE VOLCANICS","EUROPEAN OROGENIC BELT - CENOZOIC/QUATERNARY / CZECH REPUBLIC / BOHEMIAN MASSIF / ZELEZNA HURKA (EISENB<dc>HL)",NA,50,50,12,12,"subaerial",NA,NA,"NOT GIVEN",NA,NA,NA,NA,"QUARTZ",NA,NA,NA,NA,"primary",97.179,0.003,0,0,0.044,0,0.003,0,0.017,0.007,0,0,0,0,0,0,0,0,0,0,0,0,"QUARTZ"
"126","[19852] BRANDL P. A. (2015)","samp. MATRIXB","INTRAPLATE VOLCANICS","EUROPEAN OROGENIC BELT - CENOZOIC/QUATERNARY / CZECH REPUBLIC / BOHEMIAN MASSIF / ZELEZNA HURKA (EISENB<dc>HL)",NA,50,50,12,12,"subaerial",NA,NA,"NOT GIVEN",NA,NA,NA,NA,"QUARTZ",NA,NA,NA,NA,"primary",97.02,0.008,0.032,0.039,0.216,0.046,0.013,0.042,0.006,0.012,0.03,0,0,0,0.04,0,0,0,0,0,0,0,"QUARTZ"
"127","[19852] BRANDL P. A. (2015)","samp. MATRIXB","INTRAPLATE VOLCANICS","EUROPEAN OROGENIC BELT - CENOZOIC/QUATERNARY / CZECH REPUBLIC / BOHEMIAN MASSIF / ZELEZNA HURKA (EISENB<dc>HL)",NA,50,50,12,12,"subaerial",NA,NA,"NOT GIVEN",NA,NA,NA,NA,"QUARTZ",NA,NA,NA,NA,"primary",96.821,0.004,0,0,0.161,0.032,0.023,0,0.008,0.001,0.00104537647123525,0,0,0,0,0,0,0,0,0,0,0,"QUARTZ"
"128","[19852] BRANDL P. A. (2015)","samp. MATRIXB","INTRAPLATE VOLCANICS","EUROPEAN OROGENIC BELT - CENOZOIC/QUATERNARY / CZECH REPUBLIC / BOHEMIAN MASSIF / ZELEZNA HURKA (EISENB<dc>HL)",NA,50,50,12,12,"subaerial",NA,NA,"NOT GIVEN",NA,NA,NA,NA,"QUARTZ",NA,NA,NA,NA,"primary",96.119,0.023,0.029,0.007,0.189,0.073,0.012,0.027,0.003,0,0.021,0,0,0,0,0,0,0,0,0,0,0,"QUARTZ"
"129","[19852] BRANDL P. A. (2015)","samp. MATRIXB","INTRAPLATE VOLCANICS","EUROPEAN OROGENIC BELT - CENOZOIC/QUATERNARY / CZECH REPUBLIC / BOHEMIAN MASSIF / ZELEZNA HURKA (EISENB<dc>HL)",NA,50,50,12,12,"subaerial",NA,NA,"NOT GIVEN",NA,NA,NA,NA,"QUARTZ",NA,NA,NA,NA,"primary",97.288,0,0,0.015,0.129,0.033,0.003,0.032,0,0,0.000349296931641479,0,0,0,0,0,0,0,0,0,0,0,"QUARTZ"
"130","[19852] BRANDL P. A. (2015)","samp. MATRIXC","INTRAPLATE VOLCANICS","EUROPEAN OROGENIC BELT - CENOZOIC/QUATERNARY / CZECH REPUBLIC / BOHEMIAN MASSIF / ZELEZNA HURKA (EISENB<dc>HL)",NA,50,50,12,12,"subaerial",NA,NA,"NOT GIVEN",NA,NA,NA,NA,"QUARTZ",NA,NA,NA,NA,"primary",93.784,0.009,0,0.001,0.182,0.035,0.01,0.038,0.015,0,0.01,0,0,0,0,0,0,0,0,0,0,0,"QUARTZ"
"131","[19852] BRANDL P. A. (2015)","samp. XENOD","INTRAPLATE VOLCANICS","EUROPEAN OROGENIC BELT - CENOZOIC/QUATERNARY / CZECH REPUBLIC / BOHEMIAN MASSIF / ZELEZNA HURKA (EISENB<dc>HL)",NA,50,50,12,12,"subaerial",NA,NA,"NOT GIVEN",NA,NA,NA,NA,"QUARTZ",NA,NA,NA,NA,"primary",97.036,0.008,0.134,0.032,0.095,0,0.006,0.005,0.025,0.016,0.00104537647123525,0,0,0,0,0,0,0,0,0,0,0,"QUARTZ"
"132","[19852] BRANDL P. A. (2015)","samp. XENOD","INTRAPLATE VOLCANICS","EUROPEAN OROGENIC BELT - CENOZOIC/QUATERNARY / CZECH REPUBLIC / BOHEMIAN MASSIF / ZELEZNA HURKA (EISENB<dc>HL)",NA,50,50,12,12,"subaerial",NA,NA,"NOT GIVEN",NA,NA,NA,NA,"QUARTZ",NA,NA,NA,NA,"primary",97.132,0.018,0.045,0,0.054,0.005,0,0,0.026,0,0.000834973425436432,0,0,0,0,0,0,0,0,0,0,0,"QUARTZ"
"133","[19852] BRANDL P. A. (2015)","samp. XENOD","INTRAPLATE VOLCANICS","EUROPEAN OROGENIC BELT - CENOZOIC/QUATERNARY / CZECH REPUBLIC / BOHEMIAN MASSIF / ZELEZNA HURKA (EISENB<dc>HL)",NA,50,50,12,12,"subaerial",NA,NA,"NOT GIVEN",NA,NA,NA,NA,"QUARTZ",NA,NA,NA,NA,"primary",97.297,0.011,0.03,0.017,0.048,0.022,0,0,0.033,0.002,0,0,0,0,0,0,0,0,0,0,0,0,"QUARTZ"
"134","[19852] BRANDL P. A. (2015)","samp. XENOD","INTRAPLATE VOLCANICS","EUROPEAN OROGENIC BELT - CENOZOIC/QUATERNARY / CZECH REPUBLIC / BOHEMIAN MASSIF / ZELEZNA HURKA (EISENB<dc>HL)",NA,50,50,12,12,"subaerial",NA,NA,"NOT GIVEN",NA,NA,NA,NA,"QUARTZ",NA,NA,NA,NA,"primary",97.33,0.02,0.026,0.036,0.059,0.01,0,0.029,0,0,0.03,0,0,0,0,0,0,0,0,0,0,0,"QUARTZ"
"135","[19852] BRANDL P. A. (2015)","samp. XENOD","INTRAPLATE VOLCANICS","EUROPEAN OROGENIC BELT - CENOZOIC/QUATERNARY / CZECH REPUBLIC / BOHEMIAN MASSIF / ZELEZNA HURKA (EISENB<dc>HL)",NA,50,50,12,12,"subaerial",NA,NA,"NOT GIVEN",NA,NA,NA,NA,"QUARTZ",NA,NA,NA,NA,"primary",97.482,0.028,0,0.01,0.049,0.026,0.007,0.035,0.031,0,0,0,0,0,0.14,0,0,0,0,0,0,0,"QUARTZ"
"136","[19852] BRANDL P. A. (2015)","samp. XENOD","INTRAPLATE VOLCANICS","EUROPEAN OROGENIC BELT - CENOZOIC/QUATERNARY / CZECH REPUBLIC / BOHEMIAN MASSIF / ZELEZNA HURKA (EISENB<dc>HL)",NA,50,50,12,12,"subaerial",NA,NA,"NOT GIVEN",NA,NA,NA,NA,"QUARTZ",NA,NA,NA,NA,"primary",96.627,0.042,0.047,0,0.12,0.018,0.008,0,0.005,0.003,0,0,0,0,0,0,0,0,0,0,0,0,"QUARTZ"
"137","[19852] BRANDL P. A. (2015)","samp. MATRIXD","INTRAPLATE VOLCANICS","EUROPEAN OROGENIC BELT - CENOZOIC/QUATERNARY / CZECH REPUBLIC / BOHEMIAN MASSIF / ZELEZNA HURKA (EISENB<dc>HL)",NA,50,50,12,12,"subaerial",NA,NA,"NOT GIVEN",NA,NA,NA,NA,"QUARTZ",NA,NA,NA,NA,"primary",96.855,0.024,0.025,0,0.275,0.044,0,0,0.028,0.01,0.03,0,0,0,0,0,0,0,0,0,0,0,"QUARTZ"
"138","[19852] BRANDL P. A. (2015)","samp. MATRIXD","INTRAPLATE VOLCANICS","EUROPEAN OROGENIC BELT - CENOZOIC/QUATERNARY / CZECH REPUBLIC / BOHEMIAN MASSIF / ZELEZNA HURKA (EISENB<dc>HL)",NA,50,50,12,12,"subaerial",NA,NA,"NOT GIVEN",NA,NA,NA,NA,"QUARTZ",NA,NA,NA,NA,"primary",97.592,0.02,0.006,0,0.096,0.023,0.007,0.005,0.002,0,0,0,0,0,0,0,0,0,0,0,0,0,"QUARTZ"
"139","[19852] BRANDL P. A. (2015)","samp. MATRIXD","INTRAPLATE VOLCANICS","EUROPEAN OROGENIC BELT - CENOZOIC/QUATERNARY / CZECH REPUBLIC / BOHEMIAN MASSIF / ZELEZNA HURKA (EISENB<dc>HL)",NA,50,50,12,12,"subaerial",NA,NA,"NOT GIVEN",NA,NA,NA,NA,"QUARTZ",NA,NA,NA,NA,"primary",97.382,0.001,0.077,0,0.175,0.044,0.013,0,0,0.027,0,0,0,0,0,0,0,0,0,0,0,0,"QUARTZ"
"140","[19852] BRANDL P. A. (2015)","samp. MATRIXE","INTRAPLATE VOLCANICS","EUROPEAN OROGENIC BELT - CENOZOIC/QUATERNARY / CZECH REPUBLIC / BOHEMIAN MASSIF / ZELEZNA HURKA (EISENB<dc>HL)",NA,50,50,12,12,"subaerial",NA,NA,"NOT GIVEN",NA,NA,NA,NA,"QUARTZ",NA,NA,NA,NA,"primary",96.326,0.026,0.006,0.032,0.127,0.022,0.015,0.018,0.004,0,0,0,0,0,0,0,0,0,0,0,0,0,"QUARTZ"
"141","[19852] BRANDL P. A. (2015)","samp. MATRIXE","INTRAPLATE VOLCANICS","EUROPEAN OROGENIC BELT - CENOZOIC/QUATERNARY / CZECH REPUBLIC / BOHEMIAN MASSIF / ZELEZNA HURKA (EISENB<dc>HL)",NA,50,50,12,12,"subaerial",NA,NA,"NOT GIVEN",NA,NA,NA,NA,"QUARTZ",NA,NA,NA,NA,"primary",95.62,0.014,0.525,0.016,0.116,0.006,0.016,0,0.157,0.112,0,0,0,0,0,0,0,0,0,0,0,0,"QUARTZ"
"142","[19852] BRANDL P. A. (2015)","samp. MATRIXE","INTRAPLATE VOLCANICS","EUROPEAN OROGENIC BELT - CENOZOIC/QUATERNARY / CZECH REPUBLIC / BOHEMIAN MASSIF / ZELEZNA HURKA (EISENB<dc>HL)",NA,50,50,12,12,"subaerial",NA,NA,"NOT GIVEN",NA,NA,NA,NA,"QUARTZ",NA,NA,NA,NA,"primary",96.955,0.057,0.074,0.015,0.217,0.055,0.001,0.007,0.019,0,0.03,0,0,0,0,0,0,0,0,0,0,0,"QUARTZ"
"143","[19852] BRANDL P. A. (2015)","samp. MATRIXE","INTRAPLATE VOLCANICS","EUROPEAN OROGENIC BELT - CENOZOIC/QUATERNARY / CZECH REPUBLIC / BOHEMIAN MASSIF / ZELEZNA HURKA (EISENB<dc>HL)",NA,50,50,12,12,"subaerial",NA,NA,"NOT GIVEN",NA,NA,NA,NA,"QUARTZ",NA,NA,NA,NA,"primary",96.845,0,0.015,0.014,0.094,0.015,0,0.002,0.005,0,0.000834973425436432,0,0,0,0.01,0,0,0,0,0,0,0,"QUARTZ"
"144","[19852] BRANDL P. A. (2015)","samp. MATRIXE","INTRAPLATE VOLCANICS","EUROPEAN OROGENIC BELT - CENOZOIC/QUATERNARY / CZECH REPUBLIC / BOHEMIAN MASSIF / ZELEZNA HURKA (EISENB<dc>HL)",NA,50,50,12,12,"subaerial",NA,NA,"NOT GIVEN",NA,NA,NA,NA,"QUARTZ",NA,NA,NA,NA,"primary",96.636,0.022,0.01,0.015,0.148,0.036,0,0,0.003,0,0,0,0,0,0.14,0,0,0,0,0,0,0,"QUARTZ"
"145","[19852] BRANDL P. A. (2015)","samp. MATRIXE","INTRAPLATE VOLCANICS","EUROPEAN OROGENIC BELT - CENOZOIC/QUATERNARY / CZECH REPUBLIC / BOHEMIAN MASSIF / ZELEZNA HURKA (EISENB<dc>HL)",NA,50,50,12,12,"subaerial",NA,NA,"NOT GIVEN",NA,NA,NA,NA,"QUARTZ",NA,NA,NA,NA,"primary",97.323,0.005,0,0.05,0.258,0.059,0,0,0.023,0.007,0.00120987464219367,0,0,0,0,0,0,0,0,0,0,0,"QUARTZ"
"146","[19852] BRANDL P. A. (2015)","samp. MATRIXE","INTRAPLATE VOLCANICS","EUROPEAN OROGENIC BELT - CENOZOIC/QUATERNARY / CZECH REPUBLIC / BOHEMIAN MASSIF / ZELEZNA HURKA (EISENB<dc>HL)",NA,50,50,12,12,"subaerial",NA,NA,"NOT GIVEN",NA,NA,NA,NA,"QUARTZ",NA,NA,NA,NA,"primary",95.328,0.018,0.064,0,0.156,0.051,0,0.01,0,0.023,0,0,0,0,0,0,0,0,0,0,0,0,"QUARTZ"
"147","[19852] BRANDL P. A. (2015)","samp. MATRIXE","INTRAPLATE VOLCANICS","EUROPEAN OROGENIC BELT - CENOZOIC/QUATERNARY / CZECH REPUBLIC / BOHEMIAN MASSIF / ZELEZNA HURKA (EISENB<dc>HL)",NA,50,50,12,12,"subaerial",NA,NA,"NOT GIVEN",NA,NA,NA,NA,"QUARTZ",NA,NA,NA,NA,"primary",96.763,0,0.022,0.055,0.172,0.04,0.008,0.021,0.033,0.012,0.00104537647123525,0,0,0,0,0,0,0,0,0,0,0,"QUARTZ"
"148","[21581] LIU JINGAO (2016)","samp. SB-13","ARCHEAN CRATON (INCLUDING GREENSTONE BELTS)","NORTH ATLANTIC CRATON_ARCHEAN / SAGLEK BLOCK / UIVAK I GNEISS SUITE",NA,58.5,58.5,-62.5,-62.5,"subaerial",NA,NA,"GNEISS, TONALITIC",NA,NA,NA,NA,"QUARTZ",NA,NA,NA,NA,"primary",100,0,0,0,0,0,0,0,0,0,0.04,0,0,0,0,0,0,0,0,0,0,0,"QUARTZ"
"149","[21629] PE-PIPER G. (2018)","samp. 7106","RIFT VOLCANICS","APPALACHIANS / NORTHERN APPALACHIANS / AVALON ZONE","AREA IN AND AROUND THE WEST MOOSE RIVER PLUTON, COBEQUID HIGHLANDS",45.5,45.5,-64,-64,"subaerial",NA,NA,"KERSANTITE",NA,NA,NA,NA,"QUARTZ",NA,NA,NA,NA,"primary",90.59,0.95,1.76,0,3.23,0.49,1.11,0,1.69,0,0,0,0,0,0.04,0,0,0,0,0,0,0,"QUARTZ"
"150","[21629] PE-PIPER G. (2018)","samp. 7106","RIFT VOLCANICS","APPALACHIANS / NORTHERN APPALACHIANS / AVALON ZONE","AREA IN AND AROUND THE WEST MOOSE RIVER PLUTON, COBEQUID HIGHLANDS",45.5,45.5,-64,-64,"subaerial",NA,NA,"KERSANTITE",NA,NA,NA,NA,"QUARTZ",NA,NA,NA,NA,"primary",90.17,0.4,1.66,0,3.55,0.64,1.39,0,1.85,0,0,0,0,0,0.04,0,0,0,0,0,0,0,"QUARTZ"
"151","[21629] PE-PIPER G. (2018)","samp. 7106","RIFT VOLCANICS","APPALACHIANS / NORTHERN APPALACHIANS / AVALON ZONE","AREA IN AND AROUND THE WEST MOOSE RIVER PLUTON, COBEQUID HIGHLANDS",45.5,45.5,-64,-64,"subaerial",NA,NA,"KERSANTITE",NA,NA,NA,NA,"QUARTZ",NA,NA,NA,NA,"primary",98.92,0,0,0,1.08,0,0,0,0,0,0,0,0,0,0.01,0,0,0,0,0,0,0,"QUARTZ"
"152","[21629] PE-PIPER G. (2018)","samp. 7106","RIFT VOLCANICS","APPALACHIANS / NORTHERN APPALACHIANS / AVALON ZONE","AREA IN AND AROUND THE WEST MOOSE RIVER PLUTON, COBEQUID HIGHLANDS",45.5,45.5,-64,-64,"subaerial",NA,NA,"KERSANTITE",NA,NA,NA,NA,"QUARTZ",NA,NA,NA,NA,"primary",94.72,0,2.8,0,0.96,0,0,0,0.98,0.51,0,0,0,0,0,0,0,0,0,0,0,0,"QUARTZ"
"153","[21629] PE-PIPER G. (2018)","samp. 7106","RIFT VOLCANICS","APPALACHIANS / NORTHERN APPALACHIANS / AVALON ZONE","AREA IN AND AROUND THE WEST MOOSE RIVER PLUTON, COBEQUID HIGHLANDS",45.5,45.5,-64,-64,"subaerial",NA,NA,"KERSANTITE",NA,NA,NA,NA,"QUARTZ",NA,NA,NA,NA,"primary",99.81,0,0,0,0.18,0,0,0,0,0,0,0,0,0,0,0,0,0,0,0,0,0,"QUARTZ"
"154","[21629] PE-PIPER G. (2018)","samp. 7106","RIFT VOLCANICS","APPALACHIANS / NORTHERN APPALACHIANS / AVALON ZONE","AREA IN AND AROUND THE WEST MOOSE RIVER PLUTON, COBEQUID HIGHLANDS",45.5,45.5,-64,-64,"subaerial",NA,NA,"KERSANTITE",NA,NA,NA,NA,"QUARTZ",NA,NA,NA,NA,"primary",97.53,0.32,0,0,1,0.45,0.51,0,0.18,0,0,0,0,0,0,0,0,0,0,0,0,0,"QUARTZ"
"155","[21629] PE-PIPER G. (2018)","samp. 7106","RIFT VOLCANICS","APPALACHIANS / NORTHERN APPALACHIANS / AVALON ZONE","AREA IN AND AROUND THE WEST MOOSE RIVER PLUTON, COBEQUID HIGHLANDS",45.5,45.5,-64,-64,"subaerial",NA,NA,"KERSANTITE",NA,NA,NA,NA,"QUARTZ",NA,NA,NA,NA,"primary",80.9,0.63,3.33,0,8.52,0,2.27,0,3.76,0,0,0,0,0,0,0,0,0,0,0,0,0,"QUARTZ"
"156","[21629] PE-PIPER G. (2018)","samp. 2226","RIFT VOLCANICS","APPALACHIANS / NORTHERN APPALACHIANS / AVALON ZONE","AREA IN AND AROUND THE WEST MOOSE RIVER PLUTON, COBEQUID HIGHLANDS",45.5,45.5,-64,-64,"subaerial",NA,NA,"KERSANTITE",NA,NA,NA,NA,"QUARTZ",NA,NA,NA,NA,"primary",82.89,0.53,4.08,0,5.93,0,2.8,0,3.76,0,0,0,0,0,0.04,0,0,0,0,0,0,0,"QUARTZ"
"157","[21629] PE-PIPER G. (2018)","samp. 2226","RIFT VOLCANICS","APPALACHIANS / NORTHERN APPALACHIANS / AVALON ZONE","AREA IN AND AROUND THE WEST MOOSE RIVER PLUTON, COBEQUID HIGHLANDS",45.5,45.5,-64,-64,"subaerial",NA,NA,"KERSANTITE",NA,NA,NA,NA,"QUARTZ",NA,NA,NA,NA,"primary",96.46,0,0.55,0,1.31,0.67,0.41,0,0.59,0,0,0,0,0,0,0,0,0,0,0,0,0,"QUARTZ"
"158","[21629] PE-PIPER G. (2018)","samp. 1882","RIFT VOLCANICS","APPALACHIANS / NORTHERN APPALACHIANS / AVALON ZONE","AREA IN AND AROUND THE WEST MOOSE RIVER PLUTON, COBEQUID HIGHLANDS",45.5,45.5,-64,-64,"subaerial",NA,NA,"KERSANTITE",NA,NA,NA,NA,"QUARTZ",NA,NA,NA,NA,"primary",84.78,0.59,2.87,0,7.28,0,1.55,0,2.63,0,0,0,0,0,0,0,0,0,0,0,0,0,"QUARTZ"
"159","[21629] PE-PIPER G. (2018)","samp. 1882","RIFT VOLCANICS","APPALACHIANS / NORTHERN APPALACHIANS / AVALON ZONE","AREA IN AND AROUND THE WEST MOOSE RIVER PLUTON, COBEQUID HIGHLANDS",45.5,45.5,-64,-64,"subaerial",NA,NA,"KERSANTITE",NA,NA,NA,NA,"QUARTZ",NA,NA,NA,NA,"primary",94.68,0,3.03,0,0.41,0.63,0,0,0.22,1.04,0,0,0,0,0,0,0,0,0,0,0,0,"QUARTZ"
"160","[21629] PE-PIPER G. (2018)","samp. 1882","RIFT VOLCANICS","APPALACHIANS / NORTHERN APPALACHIANS / AVALON ZONE","AREA IN AND AROUND THE WEST MOOSE RIVER PLUTON, COBEQUID HIGHLANDS",45.5,45.5,-64,-64,"subaerial",NA,NA,"KERSANTITE",NA,NA,NA,NA,"QUARTZ",NA,NA,NA,NA,"primary",97.21,0,0.61,0,1.6,0,0,0,0.58,0,0,0,0,0,0,0,0,0,0,0,0,0,"QUARTZ"
"161","[21629] PE-PIPER G. (2018)","samp. 1882","RIFT VOLCANICS","APPALACHIANS / NORTHERN APPALACHIANS / AVALON ZONE","AREA IN AND AROUND THE WEST MOOSE RIVER PLUTON, COBEQUID HIGHLANDS",45.5,45.5,-64,-64,"subaerial",NA,NA,"KERSANTITE",NA,NA,NA,NA,"QUARTZ",NA,NA,NA,NA,"primary",80.2,0.74,4.92,0,6.9,1.89,2.74,0,2.62,0,0,0,0,0,0,0,0,0,0,0,0,0,"QUARTZ"
"162","[21629] PE-PIPER G. (2018)","samp. 1882","RIFT VOLCANICS","APPALACHIANS / NORTHERN APPALACHIANS / AVALON ZONE","AREA IN AND AROUND THE WEST MOOSE RIVER PLUTON, COBEQUID HIGHLANDS",45.5,45.5,-64,-64,"subaerial",NA,NA,"KERSANTITE",NA,NA,NA,NA,"QUARTZ",NA,NA,NA,NA,"primary",98.48,0,0,0,0.92,0.25,0,0,0.35,0,0,0,0,0,0,0,0,0,0,0,0,0,"QUARTZ"
"163","[21629] PE-PIPER G. (2018)","samp. 1882","RIFT VOLCANICS","APPALACHIANS / NORTHERN APPALACHIANS / AVALON ZONE","AREA IN AND AROUND THE WEST MOOSE RIVER PLUTON, COBEQUID HIGHLANDS",45.5,45.5,-64,-64,"subaerial",NA,NA,"KERSANTITE",NA,NA,NA,NA,"QUARTZ",NA,NA,NA,NA,"primary",89.39,0,3.21,0,3.66,1.32,0.96,0,0.93,0.52,0,0,0,0,0,0,0,0,0,0,0,0,"QUARTZ"
"164","[21629] PE-PIPER G. (2018)","samp. 1882","RIFT VOLCANICS","APPALACHIANS / NORTHERN APPALACHIANS / AVALON ZONE","AREA IN AND AROUND THE WEST MOOSE RIVER PLUTON, COBEQUID HIGHLANDS",45.5,45.5,-64,-64,"subaerial",NA,NA,"KERSANTITE",NA,NA,NA,NA,"QUARTZ",NA,NA,NA,NA,"primary",83.29,3.7,2.6,0,4.56,2.78,1.63,0,1.43,0,0,0,0,0,0,0,0,0,0,0,0,0,"QUARTZ"
"165","[21629] PE-PIPER G. (2018)","samp. 1882","RIFT VOLCANICS","APPALACHIANS / NORTHERN APPALACHIANS / AVALON ZONE","AREA IN AND AROUND THE WEST MOOSE RIVER PLUTON, COBEQUID HIGHLANDS",45.5,45.5,-64,-64,"subaerial",NA,NA,"KERSANTITE",NA,NA,NA,NA,"QUARTZ",NA,NA,NA,NA,"primary",99.47,0,0,0,0.53,0,0,0,0,0,0,0,0,0,0,0,0,0,0,0,0,0,"QUARTZ"
"166","[21629] PE-PIPER G. (2018)","samp. 1882","RIFT VOLCANICS","APPALACHIANS / NORTHERN APPALACHIANS / AVALON ZONE","AREA IN AND AROUND THE WEST MOOSE RIVER PLUTON, COBEQUID HIGHLANDS",45.5,45.5,-64,-64,"subaerial",NA,NA,"KERSANTITE",NA,NA,NA,NA,"QUARTZ",NA,NA,NA,NA,"primary",99.6,0,0,0,0.4,0,0,0,0,0,0,0,0,0,0,0,0,0,0,0,0,0,"QUARTZ"
"167","[21629] PE-PIPER G. (2018)","samp. 1882","RIFT VOLCANICS","APPALACHIANS / NORTHERN APPALACHIANS / AVALON ZONE","AREA IN AND AROUND THE WEST MOOSE RIVER PLUTON, COBEQUID HIGHLANDS",45.5,45.5,-64,-64,"subaerial",NA,NA,"KERSANTITE",NA,NA,NA,NA,"QUARTZ",NA,NA,NA,NA,"primary",90.28,2.7,0.77,0,3.8,2.03,0,0,0.43,0,0,0,0,0,0,0,0,0,0,0,0,0,"QUARTZ"
"168","[21629] PE-PIPER G. (2018)","samp. 1882","RIFT VOLCANICS","APPALACHIANS / NORTHERN APPALACHIANS / AVALON ZONE","AREA IN AND AROUND THE WEST MOOSE RIVER PLUTON, COBEQUID HIGHLANDS",45.5,45.5,-64,-64,"subaerial",NA,NA,"KERSANTITE",NA,NA,NA,NA,"QUARTZ",NA,NA,NA,NA,"primary",95.74,0.29,1.35,0,1.87,0,0,0,0.74,0,0,0,0,0,0,0,0,0,0,0,0,0,"QUARTZ"
"169","[21629] PE-PIPER G. (2018)","samp. 1882","RIFT VOLCANICS","APPALACHIANS / NORTHERN APPALACHIANS / AVALON ZONE","AREA IN AND AROUND THE WEST MOOSE RIVER PLUTON, COBEQUID HIGHLANDS",45.5,45.5,-64,-64,"subaerial",NA,NA,"KERSANTITE",NA,NA,NA,NA,"QUARTZ",NA,NA,NA,NA,"primary",99.43,0,0,0,0.57,0,0,0,0,0,0,0,0,0,0.01,0,0,0,0,0,0,0,"QUARTZ"
"170","[21629] PE-PIPER G. (2018)","samp. 1882","RIFT VOLCANICS","APPALACHIANS / NORTHERN APPALACHIANS / AVALON ZONE","AREA IN AND AROUND THE WEST MOOSE RIVER PLUTON, COBEQUID HIGHLANDS",45.5,45.5,-64,-64,"subaerial",NA,NA,"KERSANTITE",NA,NA,NA,NA,"QUARTZ",NA,NA,NA,NA,"primary",97.97,0,0.56,0,0.59,0.37,0.51,0,0,0,0,0,0,0,0,0,0,0,0,0,0,0,"QUARTZ"
"171","[21629] PE-PIPER G. (2018)","samp. 1882","RIFT VOLCANICS","APPALACHIANS / NORTHERN APPALACHIANS / AVALON ZONE","AREA IN AND AROUND THE WEST MOOSE RIVER PLUTON, COBEQUID HIGHLANDS",45.5,45.5,-64,-64,"subaerial",NA,NA,"KERSANTITE",NA,NA,NA,NA,"QUARTZ",NA,NA,NA,NA,"primary",93.81,0,1.96,0,1.94,0,0.82,0,0.94,0.53,0,0,0,0,0.14,0,0,0,0,0,0,0,"QUARTZ"
"172","[21629] PE-PIPER G. (2018)","samp. 1882","RIFT VOLCANICS","APPALACHIANS / NORTHERN APPALACHIANS / AVALON ZONE","AREA IN AND AROUND THE WEST MOOSE RIVER PLUTON, COBEQUID HIGHLANDS",45.5,45.5,-64,-64,"subaerial",NA,NA,"KERSANTITE",NA,NA,NA,NA,"QUARTZ",NA,NA,NA,NA,"primary",87.72,0.51,2.74,0,5.25,0,1.4,0,2.04,0,0,0,0,0,0,0,0,0,0,0,0,0,"QUARTZ"
"173","[21629] PE-PIPER G. (2018)","samp. 1882","RIFT VOLCANICS","APPALACHIANS / NORTHERN APPALACHIANS / AVALON ZONE","AREA IN AND AROUND THE WEST MOOSE RIVER PLUTON, COBEQUID HIGHLANDS",45.5,45.5,-64,-64,"subaerial",NA,NA,"KERSANTITE",NA,NA,NA,NA,"QUARTZ",NA,NA,NA,NA,"primary",88.84,0.45,3.33,0,3.55,0,1.34,0,1.77,0.71,0,0,0,0,0,0,0,0,0,0,0,0,"QUARTZ"
"174","[21629] PE-PIPER G. (2018)","samp. 7106","RIFT VOLCANICS","APPALACHIANS / NORTHERN APPALACHIANS / AVALON ZONE","AREA IN AND AROUND THE WEST MOOSE RIVER PLUTON, COBEQUID HIGHLANDS",45.5,45.5,-64,-64,"subaerial",NA,NA,"KERSANTITE",NA,NA,NA,NA,"QUARTZ",NA,NA,NA,NA,"primary",90.59,0.95,1.76,0,3.23,0.49,1.11,0,1.69,0,0,0,0,0,0,0,0,0,0,0,0,0,"QUARTZ"
"175","[21629] PE-PIPER G. (2018)","samp. 7106","RIFT VOLCANICS","APPALACHIANS / NORTHERN APPALACHIANS / AVALON ZONE","AREA IN AND AROUND THE WEST MOOSE RIVER PLUTON, COBEQUID HIGHLANDS",45.5,45.5,-64,-64,"subaerial",NA,NA,"KERSANTITE",NA,NA,NA,NA,"QUARTZ",NA,NA,NA,NA,"primary",90.17,0.4,1.66,0,3.55,0.64,1.39,0,1.85,0,0,0,0,0,0,0,0,0,0,0,0,0,"QUARTZ"
"176","[21629] PE-PIPER G. (2018)","samp. 7106","RIFT VOLCANICS","APPALACHIANS / NORTHERN APPALACHIANS / AVALON ZONE","AREA IN AND AROUND THE WEST MOOSE RIVER PLUTON, COBEQUID HIGHLANDS",45.5,45.5,-64,-64,"subaerial",NA,NA,"KERSANTITE",NA,NA,NA,NA,"QUARTZ",NA,NA,NA,NA,"primary",98.92,0,0,0,1.08,0,0,0,0,0,0,0,0,0,0,0,0,0,0,0,0,0,"QUARTZ"
"177","[21629] PE-PIPER G. (2018)","samp. 7106","RIFT VOLCANICS","APPALACHIANS / NORTHERN APPALACHIANS / AVALON ZONE","AREA IN AND AROUND THE WEST MOOSE RIVER PLUTON, COBEQUID HIGHLANDS",45.5,45.5,-64,-64,"subaerial",NA,NA,"KERSANTITE",NA,NA,NA,NA,"QUARTZ",NA,NA,NA,NA,"primary",94.72,0,2.8,0,0.96,0,0,0,0.98,0.51,0,0,0,0,0,0,0,0,0,0,0,0,"QUARTZ"
"178","[21629] PE-PIPER G. (2018)","samp. 7106","RIFT VOLCANICS","APPALACHIANS / NORTHERN APPALACHIANS / AVALON ZONE","AREA IN AND AROUND THE WEST MOOSE RIVER PLUTON, COBEQUID HIGHLANDS",45.5,45.5,-64,-64,"subaerial",NA,NA,"KERSANTITE",NA,NA,NA,NA,"QUARTZ",NA,NA,NA,NA,"primary",99.81,0,0,0,0.18,0,0,0,0,0,0,0,0,0,0.01,0,0,0,0,0,0,0,"QUARTZ"
"179","[21629] PE-PIPER G. (2018)","samp. 7106","RIFT VOLCANICS","APPALACHIANS / NORTHERN APPALACHIANS / AVALON ZONE","AREA IN AND AROUND THE WEST MOOSE RIVER PLUTON, COBEQUID HIGHLANDS",45.5,45.5,-64,-64,"subaerial",NA,NA,"KERSANTITE",NA,NA,NA,NA,"QUARTZ",NA,NA,NA,NA,"primary",97.53,0.32,0,0,1,0.45,0.51,0,0.18,0,0,0,0,0,0,0,0,0,0,0,0,0,"QUARTZ"
"180","[21629] PE-PIPER G. (2018)","samp. 7106","RIFT VOLCANICS","APPALACHIANS / NORTHERN APPALACHIANS / AVALON ZONE","AREA IN AND AROUND THE WEST MOOSE RIVER PLUTON, COBEQUID HIGHLANDS",45.5,45.5,-64,-64,"subaerial",NA,NA,"KERSANTITE",NA,NA,NA,NA,"QUARTZ",NA,NA,NA,NA,"primary",80.9,0.63,3.33,0,8.52,0,2.27,0,3.76,0,0,0,0,0,0,0,0,0,0,0,0,0,"QUARTZ"
"181","[21629] PE-PIPER G. (2018)","samp. 2226","RIFT VOLCANICS","APPALACHIANS / NORTHERN APPALACHIANS / AVALON ZONE","AREA IN AND AROUND THE WEST MOOSE RIVER PLUTON, COBEQUID HIGHLANDS",45.5,45.5,-64,-64,"subaerial",NA,NA,"KERSANTITE",NA,NA,NA,NA,"QUARTZ",NA,NA,NA,NA,"primary",82.89,0.53,4.08,0,5.93,0,2.8,0,3.76,0,0,0,0,0,0.04,0,0,0,0,0,0,0,"QUARTZ"
"182","[21629] PE-PIPER G. (2018)","samp. 2226","RIFT VOLCANICS","APPALACHIANS / NORTHERN APPALACHIANS / AVALON ZONE","AREA IN AND AROUND THE WEST MOOSE RIVER PLUTON, COBEQUID HIGHLANDS",45.5,45.5,-64,-64,"subaerial",NA,NA,"KERSANTITE",NA,NA,NA,NA,"QUARTZ",NA,NA,NA,NA,"primary",96.46,0,0.55,0,1.31,0.67,0.41,0,0.59,0,0,0,0,0,0.04,0,0,0,0,0,0,0,"QUARTZ"
"183","[21629] PE-PIPER G. (2018)","samp. 1882","RIFT VOLCANICS","APPALACHIANS / NORTHERN APPALACHIANS / AVALON ZONE","AREA IN AND AROUND THE WEST MOOSE RIVER PLUTON, COBEQUID HIGHLANDS",45.5,45.5,-64,-64,"subaerial",NA,NA,"KERSANTITE",NA,NA,NA,NA,"QUARTZ",NA,NA,NA,NA,"primary",84.78,0.59,2.87,0,7.28,0,1.55,0,2.63,0,0,0,0,0,0.04,0,0,0,0,0,0,0,"QUARTZ"
"184","[21629] PE-PIPER G. (2018)","samp. 1882","RIFT VOLCANICS","APPALACHIANS / NORTHERN APPALACHIANS / AVALON ZONE","AREA IN AND AROUND THE WEST MOOSE RIVER PLUTON, COBEQUID HIGHLANDS",45.5,45.5,-64,-64,"subaerial",NA,NA,"KERSANTITE",NA,NA,NA,NA,"QUARTZ",NA,NA,NA,NA,"primary",94.68,0,3.03,0,0.41,0.63,0,0,0.22,1.04,0,0,0,0,0,0,0,0,0,0,0,0,"QUARTZ"
"185","[21629] PE-PIPER G. (2018)","samp. 1882","RIFT VOLCANICS","APPALACHIANS / NORTHERN APPALACHIANS / AVALON ZONE","AREA IN AND AROUND THE WEST MOOSE RIVER PLUTON, COBEQUID HIGHLANDS",45.5,45.5,-64,-64,"subaerial",NA,NA,"KERSANTITE",NA,NA,NA,NA,"QUARTZ",NA,NA,NA,NA,"primary",97.21,0,0.61,0,1.6,0,0,0,0.58,0,0,0,0,0,0,0,0,0,0,0,0,0,"QUARTZ"
"186","[21629] PE-PIPER G. (2018)","samp. 1882","RIFT VOLCANICS","APPALACHIANS / NORTHERN APPALACHIANS / AVALON ZONE","AREA IN AND AROUND THE WEST MOOSE RIVER PLUTON, COBEQUID HIGHLANDS",45.5,45.5,-64,-64,"subaerial",NA,NA,"KERSANTITE",NA,NA,NA,NA,"QUARTZ",NA,NA,NA,NA,"primary",80.2,0.74,4.92,0,6.9,1.89,2.74,0,2.62,0,0,0,0,0,0,0,0,0,0,0,0,0,"QUARTZ"
"187","[21629] PE-PIPER G. (2018)","samp. 1882","RIFT VOLCANICS","APPALACHIANS / NORTHERN APPALACHIANS / AVALON ZONE","AREA IN AND AROUND THE WEST MOOSE RIVER PLUTON, COBEQUID HIGHLANDS",45.5,45.5,-64,-64,"subaerial",NA,NA,"KERSANTITE",NA,NA,NA,NA,"QUARTZ",NA,NA,NA,NA,"primary",98.48,0,0,0,0.92,0.25,0,0,0.35,0,0,0,0,0,0.04,0,0,0,0,0,0,0,"QUARTZ"
"188","[21629] PE-PIPER G. (2018)","samp. 1882","RIFT VOLCANICS","APPALACHIANS / NORTHERN APPALACHIANS / AVALON ZONE","AREA IN AND AROUND THE WEST MOOSE RIVER PLUTON, COBEQUID HIGHLANDS",45.5,45.5,-64,-64,"subaerial",NA,NA,"KERSANTITE",NA,NA,NA,NA,"QUARTZ",NA,NA,NA,NA,"primary",89.39,0,3.21,0,3.66,1.32,0.96,0,0.93,0.52,0,0,0,0,0.04,0,0,0,0,0,0,0,"QUARTZ"
"189","[21629] PE-PIPER G. (2018)","samp. 1882","RIFT VOLCANICS","APPALACHIANS / NORTHERN APPALACHIANS / AVALON ZONE","AREA IN AND AROUND THE WEST MOOSE RIVER PLUTON, COBEQUID HIGHLANDS",45.5,45.5,-64,-64,"subaerial",NA,NA,"KERSANTITE",NA,NA,NA,NA,"QUARTZ",NA,NA,NA,NA,"primary",83.29,3.7,2.6,0,4.56,2.78,1.63,0,1.43,0,0,0,0,0,0,0,0,0,0,0,0,0,"QUARTZ"
"190","[21629] PE-PIPER G. (2018)","samp. 1882","RIFT VOLCANICS","APPALACHIANS / NORTHERN APPALACHIANS / AVALON ZONE","AREA IN AND AROUND THE WEST MOOSE RIVER PLUTON, COBEQUID HIGHLANDS",45.5,45.5,-64,-64,"subaerial",NA,NA,"KERSANTITE",NA,NA,NA,NA,"QUARTZ",NA,NA,NA,NA,"primary",99.47,0,0,0,0.53,0,0,0,0,0,0,0,0,0,0,0,0,0,0,0,0,0,"QUARTZ"
"191","[21629] PE-PIPER G. (2018)","samp. 1882","RIFT VOLCANICS","APPALACHIANS / NORTHERN APPALACHIANS / AVALON ZONE","AREA IN AND AROUND THE WEST MOOSE RIVER PLUTON, COBEQUID HIGHLANDS",45.5,45.5,-64,-64,"subaerial",NA,NA,"KERSANTITE",NA,NA,NA,NA,"QUARTZ",NA,NA,NA,NA,"primary",99.6,0,0,0,0.4,0,0,0,0,0,0,0,0,0,0,0,0,0,0,0,0,0,"QUARTZ"
"192","[21629] PE-PIPER G. (2018)","samp. 1882","RIFT VOLCANICS","APPALACHIANS / NORTHERN APPALACHIANS / AVALON ZONE","AREA IN AND AROUND THE WEST MOOSE RIVER PLUTON, COBEQUID HIGHLANDS",45.5,45.5,-64,-64,"subaerial",NA,NA,"KERSANTITE",NA,NA,NA,NA,"QUARTZ",NA,NA,NA,NA,"primary",90.28,2.7,0.77,0,3.8,2.03,0,0,0.43,0,0,0,0,0,0,0,0,0,0,0,0,0,"QUARTZ"
"193","[21629] PE-PIPER G. (2018)","samp. 1882","RIFT VOLCANICS","APPALACHIANS / NORTHERN APPALACHIANS / AVALON ZONE","AREA IN AND AROUND THE WEST MOOSE RIVER PLUTON, COBEQUID HIGHLANDS",45.5,45.5,-64,-64,"subaerial",NA,NA,"KERSANTITE",NA,NA,NA,NA,"QUARTZ",NA,NA,NA,NA,"primary",95.74,0.29,1.35,0,1.87,0,0,0,0.74,0,0,0,0,0,0.14,0,0,0,0,0,0,0,"QUARTZ"
"194","[21629] PE-PIPER G. (2018)","samp. 1882","RIFT VOLCANICS","APPALACHIANS / NORTHERN APPALACHIANS / AVALON ZONE","AREA IN AND AROUND THE WEST MOOSE RIVER PLUTON, COBEQUID HIGHLANDS",45.5,45.5,-64,-64,"subaerial",NA,NA,"KERSANTITE",NA,NA,NA,NA,"QUARTZ",NA,NA,NA,NA,"primary",99.43,0,0,0,0.57,0,0,0,0,0,0,0,0,0,0,0,0,0,0,0,0,0,"QUARTZ"
"195","[21629] PE-PIPER G. (2018)","samp. 1882","RIFT VOLCANICS","APPALACHIANS / NORTHERN APPALACHIANS / AVALON ZONE","AREA IN AND AROUND THE WEST MOOSE RIVER PLUTON, COBEQUID HIGHLANDS",45.5,45.5,-64,-64,"subaerial",NA,NA,"KERSANTITE",NA,NA,NA,NA,"QUARTZ",NA,NA,NA,NA,"primary",97.97,0,0.56,0,0.59,0.37,0.51,0,0,0,0,0,0,0,0,0,0,0,0,0,0,0,"QUARTZ"
"196","[21629] PE-PIPER G. (2018)","samp. 1882","RIFT VOLCANICS","APPALACHIANS / NORTHERN APPALACHIANS / AVALON ZONE","AREA IN AND AROUND THE WEST MOOSE RIVER PLUTON, COBEQUID HIGHLANDS",45.5,45.5,-64,-64,"subaerial",NA,NA,"KERSANTITE",NA,NA,NA,NA,"QUARTZ",NA,NA,NA,NA,"primary",93.81,0,1.96,0,1.94,0,0.82,0,0.94,0.53,0,0,0,0,0,0,0,0,0,0,0,0,"QUARTZ"
"197","[21629] PE-PIPER G. (2018)","samp. 1882","RIFT VOLCANICS","APPALACHIANS / NORTHERN APPALACHIANS / AVALON ZONE","AREA IN AND AROUND THE WEST MOOSE RIVER PLUTON, COBEQUID HIGHLANDS",45.5,45.5,-64,-64,"subaerial",NA,NA,"KERSANTITE",NA,NA,NA,NA,"QUARTZ",NA,NA,NA,NA,"primary",87.72,0.51,2.74,0,5.25,0,1.4,0,2.04,0,0,0,0,0,0.04,0,0,0,0,0,0,0,"QUARTZ"
"198","[21629] PE-PIPER G. (2018)","samp. 1882","RIFT VOLCANICS","APPALACHIANS / NORTHERN APPALACHIANS / AVALON ZONE","AREA IN AND AROUND THE WEST MOOSE RIVER PLUTON, COBEQUID HIGHLANDS",45.5,45.5,-64,-64,"subaerial",NA,NA,"KERSANTITE",NA,NA,NA,NA,"QUARTZ",NA,NA,NA,NA,"primary",88.84,0.45,3.33,0,3.55,0,1.34,0,1.77,0.71,0,0,0,0,0,0,0,0,0,0,0,0,"QUARTZ"
"199","[21682] NADEAU O. (2016)","samp. MV12.GR01","INTRAPLATE VOLCANICS","CANADIAN SHIELD_PROTEROZOIC / SUPERIOR PROVINCE_PROTEROZOIC / KAPUSKASING SUBPROVINCE / MONTVIEL ALKALINE  CARBONATITE COMPLEX",NA,49.817,49.817,-76.533,-76.533,"subaerial",NA,NA,"GRANITE",NA,NA,NA,NA,"QUARTZ",NA,NA,NA,NA,"primary",98.991,0.010313037716594,0.003,0.012,0.151,0.02,0.003,0,0.0155146550329644,0.008,0,0,0,0,0,0,0,0,0,0,0,0,"QUARTZ"
"200","[21682] NADEAU O. (2016)","samp. MV12.GR01","INTRAPLATE VOLCANICS","CANADIAN SHIELD_PROTEROZOIC / SUPERIOR PROVINCE_PROTEROZOIC / KAPUSKASING SUBPROVINCE / MONTVIEL ALKALINE  CARBONATITE COMPLEX",NA,49.817,49.817,-76.533,-76.533,"subaerial",NA,NA,"GRANITE",NA,NA,NA,NA,"QUARTZ",NA,NA,NA,NA,"primary",99.02,0.011,0.045,0.01,0.12,0.02,0,0,0.00133478702114613,0.002,0.03,0,0,0,0,0,0,0,0,0,0,0,"QUARTZ"
"201","[21763] LIU JINGAO (2018)","samp. SB-13","ARCHEAN CRATON (INCLUDING GREENSTONE BELTS)","NORTH ATLANTIC CRATON_ARCHEAN / SAGLEK BLOCK / SAGLEK-HEBRON GNEISS COMPLEX","UKKALEK ISLAND, NORTHERN LABRADOR",58.5,58.5,-62.5,-62.5,"subaerial",NA,NA,"GNEISS, TONALITIC",NA,NA,NA,NA,"QUARTZ",NA,NA,NA,NA,"primary",100,0,0.02,0.04,0.1828,0.00177568958908268,0.002,0,0,0,0,0,0,0,0,0,0,0,0,0,0,0,"QUARTZ"
"202","[21763] LIU JINGAO (2018)","samp. TC-3B","ARCHEAN CRATON (INCLUDING GREENSTONE BELTS)","SLAVE PROVINCE_ARCHEAN / ACASTA GNEISS COMPLEX",NA,65,65,-115.5,-115.5,"subaerial",NA,NA,"GNEISS, TONALITIC",NA,NA,NA,NA,"QUARTZ",NA,NA,NA,NA,"primary",100,0.01,0.047,0.014,0.054,0,0.015,0,0,0.012,0.03,0,0,0,0,0,0,0,0,0,0,0,"QUARTZ"
"203","[21932] ARNIAUD D. (1984)","samp. AURIAT","INTRAPLATE VOLCANICS","EUROPEAN OROGENIC BELT - PALEOZOIC / FRANCE / FRENCH MASSIF CENTRAL / AURIAT MASSIF",NA,45.9,45.9,1.6,1.6,"subaerial",NA,NA,"GRANITE",NA,NA,NA,NA,"QUARTZ",NA,NA,NA,NA,"primary",96.6,0.04,1.6,0.01,0.08,0.17,0.05,0.004,0.25,0.55,0.05,0,0,0,0,0,0,0,0,0,0,0,"QUARTZ"
"204","[22229] SUN MINGDAO (2018)","samp. RH03","INTRAPLATE VOLCANICS","CENTRAL ASIAN FOLDBELT - MESOZOIC / CHINA - MESOZOIC / HEILONGJIANG PROVINCE / RAOHE COMPLEX","QUARRY 17 KM S OF RAOHE TOWN",46.7828,46.7828,133.7734,133.7734,"subaerial",NA,NA,"BASALT",NA,NA,NA,NA,"QUARTZ",NA,NA,NA,NA,"primary",99.4,0,0,0,0,0,0,0,0,0,0.026,0,0,0,0.14,0,0,0,0,0,0,0,"QUARTZ"
"205","[22904] XU WEI (2019)","samp. 11CJ11-1","INTRAPLATE VOLCANICS","CENTRAL ASIAN FOLDBELT - MESOZOIC / CHINA - MESOZOIC / TIBET / CUIJIU IGENOUS COMPLEX",NA,29.2,29.2,92.7,92.7,"subaerial",NA,NA,"TONALITE","CUMULATE",NA,NA,NA,"QUARTZ",NA,NA,"core",NA,"primary",99.97,0.08,0.03,0,0,0,0,0,0.02,0,0,0,0,0,0,0,0,0,0,0,0,0,"QUARTZ"
"206","[22904] XU WEI (2019)","samp. 11CJ11-1","INTRAPLATE VOLCANICS","CENTRAL ASIAN FOLDBELT - MESOZOIC / CHINA - MESOZOIC / TIBET / CUIJIU IGENOUS COMPLEX",NA,29.2,29.2,92.7,92.7,"subaerial",NA,NA,"TONALITE","CUMULATE",NA,NA,NA,"QUARTZ",NA,NA,"rim",NA,"primary",100.18,0.02,0,0.02,0.08,0,0.02,0,0.01,0.01,0,0,0,0,0,0,0,0,0,0,0,0,"QUARTZ"
"207","[22939] AULBACH S. (2019)","samp. K5-8","INTRAPLATE VOLCANICS","WEST AFRICAN CRATON_MESOZOIC / SIERRA LEONE / KOIDU KIMBERLITE PROVINCE","KONO DISTRICT",8.6311,8.6328,-10.9652,-10.9719,"subaerial",NA,NA,"ECLOGITE, XENOLITH",NA,NA,NA,NA,"QUARTZ",NA,NA,NA,NA,"primary",100.248,0,0.0452,0,0,0,0,0,0,0,0,0,0,0,0,0,0,0,0,0,0,0,"QUARTZ"
"208","[23261] MA LIN (2017)","samp. 09TB66","INTRAPLATE VOLCANICS","CENTRAL ASIAN FOLDBELT - CENOZOIC/QUATERNARY / CHINA - CENOZOIC/QUATERNARY / TIBET / ZHENGGA GRANITE",NA,29.26556,29.26556,92.17528,92.17528,"subaerial",NA,NA,"GRANITE, 2-MICA",NA,NA,NA,NA,"QUARTZ",NA,NA,NA,NA,"primary",96.8,0,0.01,0.02,0.04,0.02,0,0.02,0.03,0,0.000349296931641479,0,0,0,0,0,0,0,0,0,0,0,"QUARTZ"
"209","[23261] MA LIN (2017)","samp. 09TB66","INTRAPLATE VOLCANICS","CENTRAL ASIAN FOLDBELT - CENOZOIC/QUATERNARY / CHINA - CENOZOIC/QUATERNARY / TIBET / ZHENGGA GRANITE",NA,29.26556,29.26556,92.17528,92.17528,"subaerial",NA,NA,"GRANITE, 2-MICA",NA,NA,NA,NA,"QUARTZ",NA,NA,NA,NA,"primary",97.79,0.01,0.02,0.03,0.01,0.03,0.01,0,0.017,0,0,0,0,0,0.14,0,0,0,0,0,0,0,"QUARTZ"
"210","[23261] MA LIN (2017)","samp. 16ML06-1","INTRAPLATE VOLCANICS","CENTRAL ASIAN FOLDBELT - CENOZOIC/QUATERNARY / CHINA - CENOZOIC/QUATERNARY / TIBET / ZHENGGA GRANITE",NA,29.26503,29.26503,92.17575,92.17575,"subaerial",NA,NA,"GRANITE, 2-MICA",NA,NA,NA,NA,"QUARTZ",NA,NA,NA,NA,"primary",99.51,0.01,0.01,0,0,0.04,0,0.01,0,0.00112893571511022,0.03,0,0,0,0.04,0,0,0,0,0,0,0,"QUARTZ"
"211","[23261] MA LIN (2017)","samp. 16ML06-1","INTRAPLATE VOLCANICS","CENTRAL ASIAN FOLDBELT - CENOZOIC/QUATERNARY / CHINA - CENOZOIC/QUATERNARY / TIBET / ZHENGGA GRANITE",NA,29.26503,29.26503,92.17575,92.17575,"subaerial",NA,NA,"GRANITE, 2-MICA",NA,NA,NA,NA,"QUARTZ",NA,NA,NA,NA,"primary",100.43,0,0,0,0.02,0.02,0,0,0.05,0,0,0,0,0,0.14,0,0,0,0,0,0,0,"QUARTZ"
"212","[23475] HE DETAO (2019)","samp. 16-2009 T-7-1-QTZ-2","RIFT VOLCANICS","BASIN AND RANGE - GREAT BASIN / SIERRA NEVADA / CALIFORNIA / DOMENIGONI VALLEY PLUTON",NA,34,34,-117,-117,"subaerial",NA,NA,"TONALITE",NA,NA,NA,NA,"QUARTZ",NA,NA,NA,NA,"primary",99.8652172760794,0.00970893422555183,0.0210372636757027,0,0.0360237420963046,0.0042116591498298,0.0125013574027276,0.000564801527179004,0.0155146550329644,0.0341501047089686,0.000588251675832868,0,0,0,0,0,0,0,0,0,0,0,"QUARTZ"
"213","[23475] HE DETAO (2019)","samp. 18-2009 T-7-1-QTZ-4","RIFT VOLCANICS","BASIN AND RANGE - GREAT BASIN / SIERRA NEVADA / CALIFORNIA / DOMENIGONI VALLEY PLUTON",NA,34,34,-117,-117,"subaerial",NA,NA,"TONALITE",NA,NA,NA,NA,"QUARTZ",NA,NA,NA,NA,"primary",99.8577318457818,0.00988037407174887,0.0353232889235497,0.045,0.0509011597060255,0.0108436467358942,0.0134981594689485,0.000424480390484548,0.0088391532417233,0.0107792970658196,0.000972149370486747,0,0,0,0,0,0,0,0,0,0,0,"QUARTZ"
"214","[23475] HE DETAO (2019)","samp. 19-2009 T-7-1-QTZ-5","RIFT VOLCANICS","BASIN AND RANGE - GREAT BASIN / SIERRA NEVADA / CALIFORNIA / DOMENIGONI VALLEY PLUTON",NA,34,34,-117,-117,"subaerial",NA,NA,"TONALITE",NA,NA,NA,NA,"QUARTZ",NA,NA,NA,NA,"primary",99.9473167517594,0.0077421834867765,0.0102190929557378,0.015,0.00822589050718907,0.00290105413551807,0.00421461591044943,3.80203695006629e-05,0.00133478702114613,0.0166448415436836,0.00104537647123525,0,0,0,0,0,0,0,0,0,0,0,"QUARTZ"
"215","[23475] HE DETAO (2019)","samp. 27-2009 T-7-1-QTZ-1","RIFT VOLCANICS","BASIN AND RANGE - GREAT BASIN / SIERRA NEVADA / CALIFORNIA / DOMENIGONI VALLEY PLUTON",NA,34,34,-117,-117,"subaerial",NA,NA,"TONALITE",NA,NA,NA,NA,"QUARTZ",NA,NA,NA,NA,"primary",99.9120028953438,0.00569410169362212,0.0137857755724716,0,0.0377777441889196,0.00368515330234978,0.0117633889566807,0.000592846386073305,0.0118360400679697,0.00112893571511022,0.00117729077743781,0,0,0,0,0,0,0,0,0,0,0,"QUARTZ"
"216","[23475] HE DETAO (2019)","samp. 28-2009 T-7-1-QTZ-2","RIFT VOLCANICS","BASIN AND RANGE - GREAT BASIN / SIERRA NEVADA / CALIFORNIA / DOMENIGONI VALLEY PLUTON",NA,34,34,-117,-117,"subaerial",NA,NA,"TONALITE",NA,NA,NA,NA,"QUARTZ",NA,NA,NA,NA,"primary",99.9794500875114,0.00541011786925944,0.00400756314538751,0,0.00395596011697899,0.00240246484265194,0.0019924654040272,8.54174375779288e-05,0.000859743270166417,0.000467083030610314,0.000582702973201338,0,0,0,0,0,0,0,0,0,0,0,"QUARTZ"
"217","[23475] HE DETAO (2019)","samp. 29-2009 T-7-1-QTZ-3","RIFT VOLCANICS","BASIN AND RANGE - GREAT BASIN / SIERRA NEVADA / CALIFORNIA / DOMENIGONI VALLEY PLUTON",NA,34,34,-117,-117,"subaerial",NA,NA,"TONALITE",NA,NA,NA,NA,"QUARTZ",NA,NA,NA,NA,"primary",99.9819709174048,0.0046926816762517,0.00446750942224913,0,0.00153828383997716,0.00177568958908268,0.00206437707653323,0.000100554262823652,0.00190149017014048,0.000533736618191843,0.000613275644134649,0,0,0,0,0,0,0,0,0,0,0,"QUARTZ"
"218","[23475] HE DETAO (2019)","samp. 38-2009 T-7-3-QTZ-3","RIFT VOLCANICS","BASIN AND RANGE - GREAT BASIN / SIERRA NEVADA / CALIFORNIA / DOMENIGONI VALLEY PLUTON",NA,34,34,-117,-117,"subaerial",NA,NA,"TONALITE",NA,NA,NA,NA,"QUARTZ",NA,NA,NA,NA,"primary",99.966697935475,0.00306661982880937,0.00448707905771911,0.032,0.0111608542478198,0.003204559723127,0.00483823574138972,7.87375363163178e-05,0.000892610022883325,0.00448808887324101,0.0006573431810313,0,0,0,0,0,0,0,0,0,0,0,"QUARTZ"
"219","[23475] HE DETAO (2019)","samp. 39-2009 T-7-3-QTZ-4","RIFT VOLCANICS","BASIN AND RANGE - GREAT BASIN / SIERRA NEVADA / CALIFORNIA / DOMENIGONI VALLEY PLUTON",NA,34,34,-117,-117,"subaerial",NA,NA,"TONALITE",NA,NA,NA,NA,"QUARTZ",NA,NA,NA,NA,"primary",99.8836617792972,0.00923689854024553,0.0122319527598577,0.027,0.0577382768431877,0.00645407377423554,0.0103646414906875,0.000664207554750171,0.00721327997018901,0.011482681416079,0.000816026434600601,0,0,0,0,0,0,0,0,0,0,0,"QUARTZ"
"220","[23475] HE DETAO (2019)","samp. 53-2009 T-7-5-QTZ-1","RIFT VOLCANICS","BASIN AND RANGE - GREAT BASIN / SIERRA NEVADA / CALIFORNIA / DOMENIGONI VALLEY PLUTON",NA,34,34,-117,-117,"subaerial",NA,NA,"TONALITE",NA,NA,NA,NA,"QUARTZ",NA,NA,NA,NA,"primary",99.7714233809843,0.012347429176366,0.0437568350811346,0,0.117381688471051,0.00726929147295854,0.0253566691252246,0.000613102306093088,0.0212499239554585,0.000882375867836722,0.000532538057354238,0,0,0,0,0,0,0,0,0,0,0,"QUARTZ"
"221","[23475] HE DETAO (2019)","samp. 54-2009 T-7-5-QTZ-2","RIFT VOLCANICS","BASIN AND RANGE - GREAT BASIN / SIERRA NEVADA / CALIFORNIA / DOMENIGONI VALLEY PLUTON",NA,34,34,-117,-117,"subaerial",NA,NA,"TONALITE",NA,NA,NA,NA,"QUARTZ",NA,NA,NA,NA,"primary",99.6925320203572,0.0072690348249914,0.0649867078686203,0.017,0.199511172435597,0.010859089653838,0.0117187965998435,0.000699230180027879,0.00932115387622141,0.0016925908758414,0.00101098101026015,0,0,0,0,0,0,0,0,0,0,0,"QUARTZ"
"222","[23475] HE DETAO (2019)","samp. 55-2009 T-7-5-QTZ-3","RIFT VOLCANICS","BASIN AND RANGE - GREAT BASIN / SIERRA NEVADA / CALIFORNIA / DOMENIGONI VALLEY PLUTON",NA,34,34,-117,-117,"subaerial",NA,NA,"TONALITE",NA,NA,NA,NA,"QUARTZ",NA,NA,NA,NA,"primary",99.8543225729053,0.0126941530768853,0.0266110727731098,0,0.0622506509139829,0.00250551673582198,0.0109033864015855,0.00107882421692848,0.019965421709158,0.00907315397962623,0.000347199166332611,0,0,0,0,0,0,0,0,0,0,0,"QUARTZ"
"223","[23475] HE DETAO (2019)","samp. 62-2009 T-7-6-QTZ-1","RIFT VOLCANICS","BASIN AND RANGE - GREAT BASIN / SIERRA NEVADA / CALIFORNIA / DOMENIGONI VALLEY PLUTON",NA,34,34,-117,-117,"subaerial",NA,NA,"TONALITE",NA,NA,NA,NA,"QUARTZ",NA,NA,NA,NA,"primary",99.963056936156,0.0133515132174497,0.00343872045039679,0.01,0.00620754255242246,0.00174521020090063,0.00446775704244688,6.42089065744426e-05,0.00295790250950014,0.00407785175852996,0.000349296931641479,0,0,0,0,0,0,0,0,0,0,0,"QUARTZ"
"224","[23475] HE DETAO (2019)","samp. 63-2009 T-7-6-QTZ-2","RIFT VOLCANICS","BASIN AND RANGE - GREAT BASIN / SIERRA NEVADA / CALIFORNIA / DOMENIGONI VALLEY PLUTON",NA,34,34,-117,-117,"subaerial",NA,NA,"TONALITE",NA,NA,NA,NA,"QUARTZ",NA,NA,NA,NA,"primary",99.937610798103,0.00852535408749412,0.0115966860866614,0.045,0.0145716374346716,0.00342565022558997,0.00451925593955088,5.26054893329798e-05,0.00233923959418831,0.0158383795765085,0.000834973425436432,0,0,0,0,0,0,0,0,0,0,0,"QUARTZ"
"225","[23475] HE DETAO (2019)","samp. 64-2009 T-7-6-QTZ-3","RIFT VOLCANICS","BASIN AND RANGE - GREAT BASIN / SIERRA NEVADA / CALIFORNIA / DOMENIGONI VALLEY PLUTON",NA,34,34,-117,-117,"subaerial",NA,NA,"TONALITE",NA,NA,NA,NA,"QUARTZ",NA,NA,NA,NA,"primary",99.904732218033,0.010313037716594,0.015547166708364,0,0.0240303665719229,0.00545777184582067,0.00712736119004853,0.000394120974362647,0.00860227099061783,0.0221900929770004,0.00120987464219367,0,0,0,0,0,0,0,0,0,0,0,"QUARTZ"
"226","[23614] AVANZINELLI R. (2020)","samp. TL112","CONVERGENT MARGIN","BETIC-RIF OROGENIC BELT (GIBRALTAR ARC) / BETIC CORDILLERA / NEOGENE ALBORAN VOLCANIC PROVINCE / TALLANTE","CABEZO NEGRO DE TALLANTE",37.6583,37.6583,-1.15,-1.15,"subaerial",NA,NA,"NOT GIVEN",NA,NA,NA,NA,"QUARTZ",NA,NA,NA,NA,"primary",98.13,0,0,0,0,0,0,0,0,0,0,0,0,0,0,0,0,0,0,0,0,0,"QUARTZ"
