"","id","SAMPLE","GROUP","MINERAL","ROCK","SIO2","TIO2","AL2O3","CR2O3","FEOT","CAO","MGO","MNO","K2O","NA2O","P2O5","H20","F","CL","NIO","CUO","COO","ZNO","PBO","S","ZRO2","AS"
"1","24134","samp. MPD1","PYROXENE","AEGERINE","SYENITE, QUARTZ",51.88,4.42,0.21,0,26.17,1.77,0,0.22,0.04,12.39,0.19,0,0,0,0.06,0,0.01,0,0,0,0.66,0
"2","27235","samp. SE126-2-1","PYROXENE","AEGERINE","NOT GIVEN",52.82,1.33,0.47,0,29.45,0.65,0,0.17,0,13.39,0.01,0,0,0,0,0,0.01,0,0,0,0.66,0
"3","24133","samp. MPD17","PYROXENE","AEGERINE","SYENITE, QUARTZ",52.21,5.12,0.01,0.08,25.91,1.39,0,0.54,0,13.07,0.1,0,0,0,0.07,0,0.01,0,0,0,1.46,0
"4","27226","samp. SE19-4-2","PYROXENE","AEGERINE","NOT GIVEN",50.43,1.74,0.19,0.01,28.17,7.33,0,0.36,0,9.19,0.1613,0,0,0,0.007,0,0,0,0,0,1.84,0
"5","24094","samp. TM122","PYROXENE","AEGERINE","RHYOLITE",51.72,1.06,0.27,0.00761381553700549,32.09,0.26,0,1.56,0.01,10.11,0.09,0,0,0,0.01,0,0,0,0,0,1.5,0
"6","27237","samp. SE126-2-3","PYROXENE","AEGERINE","NOT GIVEN",52.59,1.55,0.34,0,29.11,0.41,0,0.17,0.01,13.52,0.143,0,0,0,0.05,0,0.01,0,0,0,0.59,0
"7","24094","samp. TM122","PYROXENE","AEGERINE","RHYOLITE",51.72,1.06,0.27,0.00761381553700549,32.09,0.26,0,1.56,0.01,10.11,0.09,0,0,0,0.01,0,0,0,0,0,1.5,0
"8","27226","samp. SE19-4-2","PYROXENE","AEGERINE","NOT GIVEN",50.43,1.74,0.19,0.01,28.17,7.33,0,0.36,0,9.19,0.1613,0,0,0,0.007,0,0,0,0,0,1.84,0
"9","24094","samp. TM122","PYROXENE","AEGERINE","RHYOLITE",51.72,1.06,0.27,0.00761381553700549,32.09,0.26,0,1.56,0.01,10.11,0.09,0,0,0,0.01,0,0,0,0,0,1.5,0
"10","16423","samp. 26","PYROXENE","AEGERINE","COMENDITE",51.84,1.25,0.1,0,29.24,1.38,0,0.38,0.19,13,0.52,0,0,0,0.02,0,0,0,0,0,11.41,0
"11","24128","samp. MPD7","PYROXENE","AEGERINE","SYENITE, QUARTZ",51.28,0.19,0.29,0.02,29.98,0.63,0,0.25,0,13.22,0.01,0,0,0,0.014,0,0,0,0,0,1.14,0
"12","27234","samp. SE126-1-3","PYROXENE","AEGERINE","NOT GIVEN",52.39,0.04,0.49,0,30.04,0.04,0.02,0.29,0.01,13.56,0.12,0,0,0,0,0,0,0,0,0,1.24,0
"13","27233","samp. SE126-1-2","PYROXENE","AEGERINE","NOT GIVEN",52.51,0.03,0.24,0,30.16,0.03,0,0.24,0.01,13.77,0.09,0,0,0,0.03,0,0,0,0,0,1.42,0
"14","15725","samp. 15779","PYROXENE","AEGERINE","COMENDITE",51.92,3.21,0.25,0.03,27.25,0.31,0,0.4,0.02,13.15,0,0,0,0,0.015,0,0,0,0,0,0.45,0
"15","27239","samp. SE126-4-1","PYROXENE","AEGERINE","NOT GIVEN",52.56,0.85,0.4,0,29.79,0.46,0.01,0.14,0.02,13.45,0.1783,0,0,0,0.01,0,0,0,0,0,1.68,0
"16","24133","samp. MPD17","PYROXENE","AEGERINE","SYENITE, QUARTZ",52.21,5.12,0.01,0.08,25.91,1.39,0,0.54,0,13.07,0.1,0,0,0,0.07,0,0.01,0,0,0,1.46,0
"17","27240","samp. SE126-4-2","PYROXENE","AEGERINE","NOT GIVEN",53.17,0.03,0.4,0,30.21,0.02,0,0.54,0,13.81,0.13,0,0,0,0.016,0,0,0,0,0,0.13,0
"18","27236","samp. SE126-2-2","PYROXENE","AEGERINE","NOT GIVEN",52.01,0.04,0.19,0,30.24,0.03,0,0.19,0,13.71,0.6,0,0,0,0.07,0,0.167,0,0,0,6.82,0
"19","27239","samp. SE126-4-1","PYROXENE","AEGERINE","NOT GIVEN",52.56,0.85,0.4,0,29.79,0.46,0.01,0.14,0.02,13.45,0.1783,0,0,0,0.01,0,0,0,0,0,1.68,0
"20","27236","samp. SE126-2-2","PYROXENE","AEGERINE","NOT GIVEN",52.01,0.04,0.19,0,30.24,0.03,0,0.19,0,13.71,0.6,0,0,0,0.07,0,0.167,0,0,0,6.82,0
"21","24134","samp. MPD1","PYROXENE","AEGERINE","SYENITE, QUARTZ",51.88,4.42,0.21,0,26.17,1.77,0,0.22,0.04,12.39,0.19,0,0,0,0.06,0,0.01,0,0,0,0.66,0
"22","15725","samp. 15779","PYROXENE","AEGERINE","COMENDITE",51.92,3.21,0.25,0.03,27.25,0.31,0,0.4,0.02,13.15,0,0,0,0,0.015,0,0,0,0,0,0.45,0
"23","24134","samp. MPD1","PYROXENE","AEGERINE","SYENITE, QUARTZ",51.88,4.42,0.21,0,26.17,1.77,0,0.22,0.04,12.39,0.19,0,0,0,0.06,0,0.01,0,0,0,0.66,0
"24","24094","samp. TM122","PYROXENE","AEGERINE","RHYOLITE",51.72,1.06,0.27,0.00761381553700549,32.09,0.26,0,1.56,0.01,10.11,0.09,0,0,0,0.01,0,0,0,0,0,1.5,0
"25","27235","samp. SE126-2-1","PYROXENE","AEGERINE","NOT GIVEN",52.82,1.33,0.47,0,29.45,0.65,0,0.17,0,13.39,0.01,0,0,0,0,0,0.01,0,0,0,0.66,0
"26","16423","samp. 26","PYROXENE","AEGERINE","COMENDITE",51.84,1.25,0.1,0,29.24,1.38,0,0.38,0.19,13,0.52,0,0,0,0.02,0,0,0,0,0,11.41,0
"27","27239","samp. SE126-4-1","PYROXENE","AEGERINE","NOT GIVEN",52.56,0.85,0.4,0,29.79,0.46,0.01,0.14,0.02,13.45,0.1783,0,0,0,0.01,0,0,0,0,0,1.68,0
"28","27233","samp. SE126-1-2","PYROXENE","AEGERINE","NOT GIVEN",52.51,0.03,0.24,0,30.16,0.03,0,0.24,0.01,13.77,0.09,0,0,0,0.03,0,0,0,0,0,1.42,0
"29","24134","samp. MPD1","PYROXENE","AEGERINE","SYENITE, QUARTZ",51.88,4.42,0.21,0,26.17,1.77,0,0.22,0.04,12.39,0.19,0,0,0,0.06,0,0.01,0,0,0,0.66,0
"30","27236","samp. SE126-2-2","PYROXENE","AEGERINE","NOT GIVEN",52.01,0.04,0.19,0,30.24,0.03,0,0.19,0,13.71,0.6,0,0,0,0.07,0,0.167,0,0,0,6.82,0
"31","26334","samp. KU1","PYROXENE","AEGIRINE","RHYOLITE",52.51,1.52,0.78,0,27.83,1.6,0.44,0.27,0,12.78,0.12,0,0,0,0,0,0.01,0,0,0,0.45,0
"32","26325","samp. F3","PYROXENE","AEGIRINE","PHONOLITE",50.28,0.26,1.56,0.05,17.74,18.67,6.04,1.23,0,3.34,0.67,0,0,0,0.02,0,0.056,0,0,0,0,0
"33","1845","samp. A185","PYROXENE","AEGIRINE","TRACHYTE, PHONOLITIC",52.45,0.39,3.43,0,24,9.31,1.12,0.73,0.52,6.79,0.12,0,0,0,0.016,0,0,0,0,0,2.62,0
"34","22474","samp. 03-OLT1","PYROXENE","AEGIRINE","TRACHYTE",47.96,2.57,1.18,0.0757,21.67,14.12,3.12,0.68,0.07,5,0.1,0,0,0,0.08,0,0.04,0,0,0,0.35,0
"35","12548","samp. 7772501-2","PYROXENE","AEGIRINE","DIABASE, ALKALINE",52.93,1.66,1.1,0,29.25,0.23,0.1,0.1,0.17,12.6,0.06,0,0,0,0.03,0,0,0,0,0,0.97,0
"36","10662","samp. 2E","PYROXENE","AEGIRINE","TRACHYTE",51.29,1.43,0.14,0.02,25.28,7.69,2.85,2.16,0.03,8.14,0.02,0,0,0,0.043,0,0,0,0,0,0.55,0
"37","9209","samp. U5","PYROXENE","AEGIRINE","UGANDITE",52.91,2.7,0.37,0.01,14.23,13.47,9.14,0.17,0.14,6.53,0.13,0,0,0,0.06,0,0.01,0,0,0,1.09,0
"38","15972","samp. KB49","PYROXENE","AEGIRINE","SYENITE",52.44,1.54,0.73,0,21.607,11.34,8.39,1.14,0.03,6.65,0,0,0,0,0,0,0,0,0,0,1.68,0
"39","1988","samp. PS84","PYROXENE","AEGIRINE","PHONOLITE",50.8,7.2,0.9,0.03,26.58,3.9,2.1,0.6,0.1,11.6,0.08,0,0,0,0,0,0,0,0,0,1.65,0
"40","11782","samp. HOL-14","PYROXENE","AEGIRINE","NEPHELINITE, WOLLASTONITE",51.73,0.38,0.36,0,22.02,13.75,4.6,0.43,0.09,5.81,0.12,0,0,0,0,0,0,0,0,0,0.16,0
"41","6820","samp. 7702C","PYROXENE","AEGIRINE","GABBRO, KAERSUTITE",52.49,0.93,1.71,0,26.28,3.53,0.46,0.2,0.04,12.79,0.1,0,0,0,0.02324,0,0.01,0,0,0,0.61,0
"42","25424","samp. 7","PYROXENE","AEGIRINE","IJOLITE",47.64,0.35,0.83,0,23.55,19.16,0.87,0.65,0.05,4.29,0.25,0,0,0,0,0,0.01,0,0,0,0.38,0
"43","24077","samp. K8A","PYROXENE","AEGIRINE","SYENITE",49.61,0.76,1.7,0,21.01,16.58,3.58,2.12,0,4.22,0.1105,0,0,0,0.06,0,0.01,0,0,0,0.33,0
"44","962","samp. AT6G1","PYROXENE","AEGIRINE","PANTELLERITE",51,0.7,0.2,0.02,29.11,1.3,0.2,1.1,0.14,12.1,0.143,0,0,0,0.06,0,0,0,0,0,0.66,0
"45","3301","samp. 93SOB172","PYROXENE","AEGIRINE","NEPHELINITE",50.41,1.33,0.38,0.08,25.87,10.25,1.46,0.62,0.021,7.5,0,0,0,0,0.05,0,0,0,0,0,0.16,0
"46","16317","samp. MP40","PYROXENE","AEGIRINE","TRACHYTE, COMENDITIC",50.4,0.5,0.7,0,24.2,14.8,3.5,1.4,0,4.4,0.09,0,0,0,0,0,0,0,0,0,0.33,0
"47","2413","samp. MC27","PYROXENE","AEGIRINE","SYENITE, NEPHELINE",50.12,0.36,0.91,0,24.17,10.52,1.14,1.5,0,7.09,0.097,0,0,0,0.07,0,0,0,0,0,0.33,0
"48","15972","samp. KB49","PYROXENE","AEGIRINE","SYENITE",52.44,1.54,0.73,0,21.607,11.34,8.39,1.14,0.03,6.65,0,0,0,0,0,0,0,0,0,0,1.68,0
"49","9947","samp. CLPX.7","PYROXENE","AEGIRINE","TRACHYTE",51.69,2.77,0.84,0,25.38,3.43,0.86,0.63,0.02,12.28,0.04,0,0,0,0,0,0.01,0,0,0,0.4,0
"50","17114","samp. SD2","PYROXENE","AEGIRINE","BASALT",48.56,1.04,4.9,0,14.78,10.68,15.39,0.39,0.09,2.43,0,0,0,0,0.0090860939693356,0,0.01,0,0,0,0.38,0
"51","15969","samp. KBU6","PYROXENE","AEGIRINE","SYENITE, NEPHELINE",52.44,4.35,0.58,0.07,26.065,1.76,2.03,0.25,0.02,12.79,0.05,0,0,0,0.02,0,0.01,0,0,0,0.54,0
"52","2691","samp. 30-285A-9-3,29","PYROXENE","AEGIRINE","DIABASE",49.4,1.21,1.14,0.01,21.6,15.7,0.22,1.08,0.69,5.89,0.61,0,0,0,0.07,0,0.041,0,0,0,0.66,0
"53","12547","samp. 7772501-2","PYROXENE","AEGIRINE","DIABASE, ALKALINE",51.61,1.94,0.78,0,27.83,3.78,0.92,0.24,0.01,11.21,0.1105,0,0,0,0.0095,0,0.01,0,0,0,1.24,0
"54","1339","samp. SX3","PYROXENE","AEGIRINE","SYENITE, NEPHELINE",51.17,1.7,0.84,0,26.21,4.91,1.71,0.98,0,11.05,0.097,0,0,0,0.07,0,0,0,0,0,1.4,0
"55","24144","samp. NA67<U+00B0>","PYROXENE","AEGIRINE","SYENITE, QUARTZ",52.07,0.44,0.27,0.49,25.21,9.19,1.73,0.71,0,8.49,0.72,0,0,0,0,0,0.13,0,0,0,0.66,0
"56","25488","samp. EG15","PYROXENE","AEGIRINE","CAMPTONITE",52.5,2.34,0.07,0.03,24.36,1.06,2.2,0.24,0.1,12.59,0.09,0,0,0,0.07,0,0,0,0,0,12.75,0
"57","20777","samp. TMZ238","PYROXENE","AEGIRINE","MALIGNITE",50.55,0.98,1.07,0.02,26.35,5.49,0.89,1.02,0.06,11.1,0.13,0,0,0,0.04,0,0,0,0,0,0.03,0
"58","8331","samp. XENOLITHA","PYROXENE","AEGIRINE","NOT GIVEN",51.69,0.26,0.13,0,25.43,13.86,4.97,1.096,0.07,4.95,0.1176,0,0,0,0.03,0,0,0,0,0,0.21,0
"59","24773","samp. BIJANG","PYROXENE","AEGIRINE","NOT GIVEN",68.5,1.41,7.47,0.77,21.75,5.39,5.87,1.7,0.72,3.636,0.04,0,0,0,0.03,0,0.09,0,0,0,0.24,0
"60","3276","samp. SMG126","PYROXENE","AEGIRINE","BENMOREITE, NEPHELINE",49.24,0.64,0.11,0,24.32,10.44,1.79,0.27,0.24,6.07,1.72,0,0,0,0.04,0,0,0,0,0,6.22,0
"61","7604","samp. 5136AA","PYROXENE","AUGITE","BASALT",50.99,0.76,3.58,0.56,9.27,18.54,16.34,0.02,0,0.38,0.05,0,0,0,0.07,0,0.04,0,0,0,0.06,0
"62","23692","samp. 84-567A-26-1, 108-112","PYROXENE","AUGITE","DOLERITE",49.78,1.69,4.09,0.27,6.78,21.07,14.87,0.15,0,0.33,0.01,0,0,0,0.01,0,0.113,0,0,0,0,0
"63","12019","samp. BOLS301","PYROXENE","AUGITE","SHOSHONITE",49.97,0.89,6.02,0.17,6.96,22.69,15.02,0.14,0.06,0.18,0.1585,0,0,0,0.05,0,0.01,0,0,0,0.03,0
"64","9418","samp. 121","PYROXENE","AUGITE","HAWAIITE",51.07,1.46,3.1,0.471588328217559,8.57,21.14,14.45,0.13,0,0.48,0,0,0,0,0.03,0,0,0,0,0,0.01,0
"65","6171","samp. KLA1646","PYROXENE","AUGITE","HARZBURGITE, XENOLITH",54.54,0.29,0.93,0.904,6.12,19.88,16.85,0.412,0.01,1.11,0,0,0,0,0.08,0,0.11,0,0,0,0.01,0
"66","6247","samp. D5","PYROXENE","AUGITE","DOLERITE",50.11,1.74,3.8,0.36,8.9,18.48,16.5,0.17,0.05,0.23,0.02,0,0,0,0.03,0,0.056,0,0,0,0,0
"67","27737","samp. 22-SCR-03","PYROXENE","AUGITE","RHYOLITE",48.5,0.57,0.91,0,24.5,15.7,7.77,0.77,0.01,0.19,0.15,0,0,0,0,0,0.041,0,0,0,0.17,0
"68","17656","samp. MK03","PYROXENE","AUGITE","BASALT",50.62,0.85,3.42,0.02,8.23,21.93,14.4,0.31,0,0.42,0.11,0,0,0,0,0,0.04,0,0,0,0.12,0
"69","29651","samp. SG05-62","PYROXENE","AUGITE","NOT GIVEN",49.72,1.32,3.8,0.14,7.94,20.8,14.38,0.15,0,0.44,0,0,0,0,0.08,0,0.167,0,0,0,0.04,0
"70","589","samp. KLPA-8B","PYROXENE","AUGITE","BASALT, TRANSITIONAL",51,1.45,3.48,0.16,7.8,21.2,15,0.2,0,0.4,0.0104285714285714,0,0,0,0.0158,0,0,0,0,0,0.03,0
"71","26378","samp. GM-171","PYROXENE","AUGITE","BASALT",51.26,0.98,2.45,0,7.79,21,15.25,0.33,0,0.65,0.05,0,0,0,0.07,0,0,0,0,0,0.08,0
"72","31464","samp. 73","PYROXENE","AUGITE","NOT GIVEN",51.655,0.362,1.527,0.04,8.427,22.009,14.916,0.283,0,0.406,0,0,0,0,0,0,0,0,0,0,0.01,0
"73","5723","samp. 135-834B-36R-1,20","PYROXENE","AUGITE","BASALT, THOLEIITIC",49.52,1.29,5.79,0.02,6.7,20.38,15.21,0.19,0.01,0.26,0.21,0,0,0,0,0,0.113,0,0,0,0,0
"74","26818","samp. SA06","PYROXENE","AUGITE","BASALT",53.44,0.927,2.19,0.284,6.743,20.18,16.48,0.14,0,0.261,0,0,0,0,0.043,0,0.1,0,0,0,0.06,0
"75","15483","samp. KK56","PYROXENE","AUGITE","RHYOLITE",50.88,0.33,0.94,0,17.31,18.59,11.01,0.52,0,0.19,0.03,0,0,0,0,0,0,0,0,0,0.1,0
"76","31430","samp. 39","PYROXENE","AUGITE","NOT GIVEN",51.326,0.281,1.439,0.002,9.346,22.139,14.863,0.301,0.01,0.412,0,0,0,0,0.02,0,0.01,0,0,0,0.04,0
"77","27104","samp. SV19","PYROXENE","AUGITE","MUGEARITE",50.441,0.619,3.847,0,7.437,22.018,15.032,0.211,0,0.393,0.0158472222222222,0,0,0,0,0,0,0,0,0,0,0
"78","683","samp. 286-6","PYROXENE","AUGITE","THOLEIITE",52,0.78,2.3,0.57,6.05,21,16.95,0.13,0,0.22,0.00996111111111111,0,0,0,0.04,0,0.06,0,0,0,0,0
"79","23861","samp. LM50-49B","PYROXENE","AUGITE","TRACHYANDESITE",50.3,0.51,2.45,0,8.57,22.49,14.19,0.43,0,0.66,0.01,0,0,0,0,0,0,0,0,0,0,0
"80","25285","samp. BAR 18","PYROXENE","AUGITE","BASALT, THOLEIITIC",51.1,0.68,3.1,0.02,8,21,15.2,0.32,0,0.2,0.04,0,0,0,0.0545,0,0,0,0,0,0.01,0
"81","6169","samp. KLA1646","PYROXENE","AUGITE","HARZBURGITE, XENOLITH",53.96,0.26,0.81,0.811,6.62,19.36,17.47,0.53,0.02,1.04,0.02,0,0,0,0.08,0,0,0,0,0,0.04,0
"82","25235","samp. JS6-30-2","PYROXENE","AUGITE","GABBRONORITE, OLIVINE",50.4,0.73,2.34,0.1,7.58,22.69,15.01,0.24,0,0.33,0.009,0,0,0,0.02,0,0,0,0,0,0.02,0
"83","18241","samp. PD2","PYROXENE","AUGITE","HAWAIITE",50.62,0.89,3.16,0.05,6.98,22.47,14.48,0.2,0.01,0.58,0.01,0,0,0,0.02,0,0,0,0,0,0.02,0
"84","3809","samp. 111547-13","PYROXENE","AUGITE","ANDESITE, BYTOWNITE",50.9,0.31,1.94,0.02,13.1,7.8,14.9,0.39,0.01,0.17,0.04,0,0,0,0.03,0,0.13,0,0,0,0.49,0
"85","27103","samp. SV19","PYROXENE","AUGITE","MUGEARITE",49.977,0.728,4.369,0.023,7.129,23.126,14.501,0.116,0.005,0.313,0.09,0,0,0,0.025,0,0,0,0,0,0.02,0
"86","8609","samp. MP-350","PYROXENE","AUGITE","NOT GIVEN",50.94,0.45,3.44,0.07,5.94,23.16,15.43,0.29,0,0.31,0.01,0,0,0,0.03,0,0,0,0,0,0.01,0
"87","27146","samp. SV45","PYROXENE","AUGITE","MUGEARITE",50.266,0.746,4.229,0,7.73,21.543,14.359,0.214,0,0.489,0.02,0,0,0,0,0,0,0,0,0,0.02,0
"88","32451","samp. BVSB","PYROXENE","AUGITE","RHYOLITE",49.783,0.279,0.809,0,22.083,17.262,8.474,0.554,0,0.204,0.03,0,0,0,0,0,0,0,0,0,0.16,0
"89","18977","samp. MPC99-43","PYROXENE","AUGITE","CLINOPYROXENITE, OLIVINE",50.4641,1.0185,3.6219,0.4837,5.7161,22.2369,15.5614,0.1373,1e-04,0.2779,0.18,0,0,0,0,0,0.085,0,0,0,0.01,0
"90","18600","samp. IZ03-17A","PYROXENE","AUGITE","ANDESITE, BASALTIC",54.47,0.4419,1.3609,0.0354,9.64,20.04,14.52,0.3305,0.0465,0.3436,0,0,0,0,0.07,0,0.13,0,0,0,0.12,0
"91","22362","samp. 4-25-90","PYROXENE","DIOPSIDE","PERIDOTITE, XENOLITH",52.28,0.27,5.4,0.96,2.94,20.89,15.98,0.1,0.01,1.3,0.03,0,0,0,0.074,0,0.13,0,0,0,0,0
"92","21634","samp. LEGEND VR88490A  85 35","PYROXENE","DIOPSIDE","KIMBERLITE",54.26,0.17,0.74,0.09,3.84,23.27,16.76,0.1,0.09,0.88,0,0,0,0,0.03,0,0.01,0,0,0,0.02,0
"93","10781","samp. 198","PYROXENE","DIOPSIDE","PERIDOTITE, GARNET, XENOLITH",51.49,0.61,7.31,0.64,3.56,17.64,15.39,0.09,0,1.88,0.02,0,0,0,0.06,0,0.1,0,0,0,0.01,0
"94","21786","samp. XENA VR88456A  30 60","PYROXENE","DIOPSIDE","KIMBERLITE",52.35,0.05,3.26,1.01,1.64,23.48,17.15,0.05,0,0.7,0.0093,0,0,0,0.04,0,0.113,0,0,0,0,0
"95","30346","samp. HT-25","PYROXENE","DIOPSIDE","LHERZOLITE, SPINEL, XENOLITH",52.4,0.45,4.05,1.33,2.57,20.7,16.6,0.02,0,1.1,0.04,0,0,0,0.06,0,0.113,0,0,0,0,0
"96","27020","samp. PL14","PYROXENE","DIOPSIDE","LHERZOLITE, XENOLITH",52.61,0.45,6.11,0.98,2.36,20.05,14.89,0.08,0,1.83,0,0,0,0,0.03,0,0.113,0,0,0,0.04,0
"97","6266","samp. WEHRLITE","PYROXENE","DIOPSIDE","WEHRLITE, XENOLITH",52.45,0.16,5.78,1.78,2.96,18.07,18.42,0.16,0.04,0.93,0.01,0,0,0,0.03,0,0.06,0,0,0,0,0
"98","23860","samp. LM50-49A","PYROXENE","DIOPSIDE","TRACHYANDESITE",52.64,0.38,1.01,0.07,4.51,23.5,17.47,0.13,0.01,0.23,0,0,0,0,0.03,0,0.167,0,0,0,0,0
"99","14091","samp. N12","PYROXENE","DIOPSIDE","SKARN",44.04,0.65,15.35,0.056,3.71,25.48,11,0.04,0.36,0.11,0.62,0,0,0,0.08,0,0.17,0,0,0,0,0
"100","11002","samp. P8/10","PYROXENE","DIOPSIDE","KIMBERLITE",54.38,0.85,0.22,0.4,3.47,23.84,16.06,0.12,0.08,0.91,0.01,0,0,0,0.02,0,0.113,0,0,0,0.1,0
"101","13473","samp. 2-68.39","PYROXENE","DIOPSIDE","HAWAIITE, NEPHELINE",46.4,2.64,5.06,0,7.99,22.8,13,0.26,0.06,0.57,0.04,0,0,0,0.05,0,0.01,0,0,0,0,0
"102","17963","samp. I. ERUPTION","PYROXENE","DIOPSIDE","NOT GIVEN",47.54,1.05,5.65,0,11.53,22.08,9.53,0.44,0.16,1.01,0.24,0,0,0,0.03,0,0,0,0,0,0.35,0
"103","27906","samp. 488539","PYROXENE","DIOPSIDE","LAMPROPHYRE",37.1,0.05,0.017,0,8.29,30.82,21.68,0,0,0.037,0.94,0,0,0,0.04,0,0.1,0,0,0,0.66,0
"104","13000","samp. MI3CPX1TSMIXA","PYROXENE","DIOPSIDE","NOT GIVEN",52.41,0.4729,2.9226,0.6978,5.61,21.06,16.97,0.1282,0.02,0.3588,0.008,0,0,0,0,0,0.113,0,0,0,0,0
"105","17640","samp. 80MYA A138-2","PYROXENE","DIOPSIDE","TRACHYANDESITE",52.52,0.2,1.05,0,5.64,22.18,16.67,0.2,0,0.22,0.13,0,0,0,0.03,0,0.17,0,0,0,0,0
"106","11167","samp. ZB01/2","PYROXENE","DIOPSIDE","LAMPROITE, OLIVINE-CLINOPYROXENE-PHLOGOPITE-LEUCITE-SANIDINE",53.273,0.836,1.083,0.399,4.215,23.316,16.943,0.149,0.004,0.188,0.0148058333333333,0,0,0,0.03,0,0,0,0,0,0.04,0
"107","15189","samp. AB3","PYROXENE","DIOPSIDE","PERIDOTITE, XENOLITH",52.44,0.21,6.03,0.69,3.56,19.32,15.96,0.09,0,1.41,0.02,0,0,0,0.06,0,0.09,0,0,0,0.02,0
"108","13905","samp. BC6","PYROXENE","DIOPSIDE","PERIDOTITE, SPINEL, XENOLITH",53.62,0.38,3.24,0.7,2.17,22.08,16.11,0.04,0,1.46,0,0,0,0,0.06,0,0.01,0,0,0,0.01,0
"109","26869","samp. 96G01","PYROXENE","DIOPSIDE","WEHRLITE, XENOLITH",49.91,0.89,4.19,0.97,3.91,23.12,15.01,0.06,0,0.59,0.02,0,0,0,0,0,0.11,0,0,0,0.01,0
"110","20965","samp. N-37","PYROXENE","DIOPSIDE","LHERZOLITE, XENOLITH",52.5,0.41,5.32,0.93,2.07,21.45,15,0.09,0.04,1.62,0,0,0,0,0,0,0,0,0,0,0.06,0
"111","15499","samp. D14-1","PYROXENE","DIOPSIDE","ANKARAMITE",51.74,0.13,1.45,0.56,3.4,21.42,18.49,0.08,0.012625,0.1,0,0,0,0,0,0,0.056,0,0,0,0,0
"112","23071","samp. IZ03-17A","PYROXENE","DIOPSIDE","ANDESITE, BASALTIC",51.71,0.6,3.84,0.64,4.68,23.18,15.89,0.1,0,0.26,0,0,0,0,0.037,0,0.09,0,0,0,0,0
"113","15713","samp. TM 1001A","PYROXENE","DIOPSIDE","LHERZOLITE, SPINEL, XENOLITH",48.9,0.88,7.5,0.29,3.1,21.2,16.3,0.1,0,1,0.01,0,0,0,0,0,0.04,0,0,0,0.02,0
"114","4112","samp. 4","PYROXENE","DIOPSIDE","LHERZOLITE, XENOLITH",51.7,0.38,4.42,0.91,2.3,23.6,16.7,0.14,0,0.31,0,0,0,0,0.08,0,0,0,0,0,0,0
"115","6355","samp. 125-779A-26R-2,28-33","PYROXENE","DIOPSIDE","HARZBURGITE, XENOLITH",53.54,0,1.99,0.63,1.8,23.88,18.17,0,0,0,0.1,0,0,0,0.2,0,0.18,0,0,0,0.03,0
"116","16218","samp. 240701E","PYROXENE","DIOPSIDE","TRACHYBASALT",48.76,1.66,6.58,0,7.77,21.07,12.43,0.24,0,0.63,0.02,0,0,0,0,0,0,0,0,0,0.06,0
"117","1830","samp. SU-22-64","PYROXENE","DIOPSIDE","BASALT, THOLEIITIC",52.29,0.78,2.76,1.03,5.22,20.16,17.28,0.07,0,0.29,0,0,0,0,0.0422,0,0.113,0,0,0,0,0
"118","23252","samp. PAK3","PYROXENE","DIOPSIDE","HARZBURGITE, SPINEL, XENOLITH",53.41,0.06,3.51,1.49,2.44,20.13,16.75,0.09,0.04,1.24,0.04,0,0,0,0.06,0,0.17,0,0,0,0.01,0
"119","17926","samp. LU 23","PYROXENE","DIOPSIDE","PERIDOTITE, SPINEL, XENOLITH",53.24,0.05,3.7,0.74,2.48,21.97,16.74,0.08,0,0.73,0.03,0,0,0,0.07,0,0,0,0,0,0.04,0
"120","7358","samp. 27","PYROXENE","DIOPSIDE","HARZBURGITE",53.79,0.06,1.73,0.86,1.74,23.37,17.7,0.09,0,0.22,0.04,0,0,0,0.02,0,0,0,0,0,0.01,0
"121","8299","samp. P8","PYROXENE","ENSTATITE/CLINOENSTATITE","LHERZOLITE, SPINEL, XENOLITH",55.03,0.05,4.07,0.39,6.67,0.74,32.85,0.5,0,0.05,0.0114,0.0113,0.035,0,0.02,0,0,0,0,0,0,0
"122","19009","samp. U-84-09","PYROXENE","ENSTATITE/CLINOENSTATITE","LHERZOLITE, GARNET, XENOLITH",57.543,0.1845,0.6073,0.3164,5.156,0.8972,35.0038,0.0903,0,0.1926,0,0.0041,0,0.0075,0.1,0,0,0.01,0,0,0,0
"123","36092","samp. HK64081205A","PYROXENE","ENSTATITE/CLINOENSTATITE","LHERZOLITE, SPINEL, XENOLITH",55.203,0.093,3.932,0.483,6.575,0.628,32.847,0.177,4.75648148148148,0.028,0.03,0.0083,0.002468,0,0.067,0,0.01,0.0299,0,0,0,0
"124","23238","samp. 5-PFI-10","PYROXENE","ENSTATITE/CLINOENSTATITE","NOT GIVEN",51.83,0.2,0.87,0,21.69,1.35,21.18,1.28,0,0.01,0.02,0.0108,0,0,0,0,0.05,0,0,0,0,0
"125","37136","samp. CH6  55.05","PYROXENE","ENSTATITE/CLINOENSTATITE","PYROXENITE",55.6466539957018,0.106833625262426,1.25715847401831,0.464602044745897,10.94,1.11926856234239,30.2985130250065,0.21987850780755,0.00124225145653983,0.0198760233046373,0.02,0.32,0,0,0.0869576019577883,0,0.02,0.001,0,0,0,0
"126","28691","samp. EMGN14","PYROXENE","ENSTATITE/CLINOENSTATITE","PERIDOTITE, SPINEL, XENOLITH",54.963646,0.05,4.368923,0.483765,6.165586,0.859795,34.236752,0.138549,0.0024,0.074993,0.08,0,0.0815,0.01,0.1001,0,0,0.027,0,0,0,0
"127","344","samp. LA8-4","PYROXENE","ENSTATITE/CLINOENSTATITE","LHERZOLITE, XENOLITH",58.11,0.01,1.15,0.21,4.959,0.29,35.1,0.11,0,0.01,0,0.14,0.0366,0.0064,0.11,0,0,0,0,0,0,0
"128","5596","samp. SIL 37","PYROXENE","ENSTATITE/CLINOENSTATITE","ANDESITE",54.05,0.1,1.87,0,13.48,1.63,29.36,0.26,0.01,0.06,0.01,0,0.0599,0,0.02,0,0.02,0.039,0,0,0,0
"129","40089","samp. IL12","PYROXENE","ENSTATITE/CLINOENSTATITE","LHERZOLITE",54.78,0.36,1.31,0.2,12.97,1.85,27.46,0.25,0.05,0.07,0.005,0.0083,0.055269,0,0.014,0,0.01,0,0,0,0,0
"130","22559","samp. 6-1-5","PYROXENE","ENSTATITE/CLINOENSTATITE","NOT GIVEN",53.65,0.15,0.64,0.04,21.7,1.22,21.66,1.22,0.007,0.02,0,0.0187,0.0548,0.0095,0.03,0,0.03,0.03,0,0,0,0
"131","6343","samp. HR-25","PYROXENE","ENSTATITE/CLINOENSTATITE","PERIDOTITE, SPINEL, XENOLITH",54.4325,0.1565,4.77,0.3095,7.178,0.683,32.549,0.1535,0.01,0.172,0.05,0.0164,0,0.0057,0.075,0,0.03,0.0172,0,0,0,0
"132","30725","samp. KP4-147","PYROXENE","ENSTATITE/CLINOENSTATITE","NOT GIVEN",54.776,0.145,0.495,0,19.78,1.104,23.287,2.223,0.02,0.009,0.042,0.0089,0,0.0098,0.013,0,0.01,0.027,0,0,0,0
"133","37226","samp. HPK016<U+0096>78E","PYROXENE","ENSTATITE/CLINOENSTATITE","CHROMITITE",56.774,0.0745416666666667,1.17875,0.56175,8.06375,0.538416666666667,33.7147916666667,0.178291666666667,0,0.0105833333333333,0.007,0.26,0,0.0058,0.1,0,0,0,0,0,0,0
"134","20355","samp. VICTOR","PYROXENE","ENSTATITE/CLINOENSTATITE","NOT GIVEN",56.04,0.092,0.658,0.214,6.17,0.61,34.63,0.147,0.005,0.198,0.022,0.0257,0.0848,0.007,0.102,0,0,0.018225,0,0,0,0
"135","28784","samp. 488538","PYROXENE","ENSTATITE/CLINOENSTATITE","LAMPROPHYRE",34.63,1.85,18.07,0,5.46,0.263,22.09,0.095,9.29,0.148,0.6,0,1,0,0.08,0,0.085,0,0,0,1.38,0
"136","22391","samp. IR1-O","PYROXENE","ENSTATITE/CLINOENSTATITE","ORTHOPYROXENITE",55.83,0.05,0.81,0.57,6.49,0.71,35.05,0.13,0.013,0,0,0.0058,0.0362,0.0023,0.22,0,0,0.0443,0,0,0,0
"137","29519","samp. KP4-90","PYROXENE","ENSTATITE/CLINOENSTATITE","NOT GIVEN",53.33,0.137,0.597,0.003,18.564,1.17,24.09,1.825,0.004,0.031,0.12,0,0,0.0056,0.001,0,0,0.0610683333333333,0,0,0,0
"138","19710","samp. RR3-15","PYROXENE","ENSTATITE/CLINOENSTATITE","LHERZOLITE, SPINEL, XENOLITH",55.51,0.09,3.6,0.37,14.17,0.58,22.96,0.12,0.07,0.06,0,0.0149,0,0.0048,0.07,0,0.02,0,0,0,0,0
"139","10736","samp. 557","PYROXENE","ENSTATITE/CLINOENSTATITE","HARZBURGITE, GARNET, XENOLITH",58.71,0,0.72,0.24,4.58,0.6,34.68,0.11,0,0.02,0,0.32,0,0,0.04,0,0,0.11,0,0,0,0
"140","8285","samp. SM34","PYROXENE","ENSTATITE/CLINOENSTATITE","NOT GIVEN",50.16,0.1,4.86,0,21.83,0.1,22.61,0.23,0.04,0.117796194173162,0,0.0164,0,0.0048,0.05,0,0.01,0.0393,0,0,0,0
"141","14507","samp. LW8-49","PYROXENE","ENSTATITE/CLINOENSTATITE","WEHRLITE, XENOLITH",55.66,0.06,0.68,0.28,5.72,0.71,34.83,0.2,0.01,0.092,0,0.0195,0.0235,0.01,0.12,0,0.02,0.021063,0,0,0,0
"142","32786","samp. 909.65","PYROXENE","ENSTATITE/CLINOENSTATITE","NOT GIVEN",54.494,0.251,0.904,0.334,10.619,0.528,31.699,0.238,0.006,0.001,0.16,0.26,0.0704,0,0.133,0,0,0.012894,0,0,0,0
"143","7719","samp. KK04034","PYROXENE","ENSTATITE/CLINOENSTATITE","HARZBURGITE",55.8,0.01,3.61,1.21,5.76,1.8,31.9,0.12,0,0.02,0.0206,0.32,0,0,0.1,0,0,0,0,0,0,0
"144","25714","samp. SLP1322","PYROXENE","ENSTATITE/CLINOENSTATITE","NOT GIVEN",55.694,0.15,1.542,0.297,8.622,1.03,31.884,0.167,0,0.066,0,0.0253,0,0.05,0.026,0,0,0,0,0,0,0
"145","31655","samp. KP4-355","PYROXENE","ENSTATITE/CLINOENSTATITE","NOT GIVEN",53.693,0.181,0.534,0,19.516,1.274,22.965,2.113,0.01,0.036,0.0114,0.0165,0,0,0.007,0,0,0.0172,0,0,0,0
"146","29180","samp. KP4-29","PYROXENE","ENSTATITE/CLINOENSTATITE","NOT GIVEN",53.374,0.147,0.434,0.001,19.487,1.242,22.921,2.159,0,0.018,0.011,0.0085,0,0,0,0,0.03,0.01,0,0,0,0
"147","37382","samp. MAH3","PYROXENE","ENSTATITE/CLINOENSTATITE","LHERZOLITE, XENOLITH",57.28,0.0618044,2.01,0.57,5.61,0.59,32.9,0.15,0.006,0.17,0.08,0.0159,0,0.0075,0.24,0,0,0.015494,0,0,0,0
"148","7806","samp. PL-3","PYROXENE","ENSTATITE/CLINOENSTATITE","NOT GIVEN",53.21,0.3463,2.73,0.39,5.6,0.53,34.93,0.28,0.0108414432341048,0.1,0.06,0.0095,0.017,0.0131,0.11,0,0,0.033,0,0,0,0
"149","27838","samp. OBN-1/13","PYROXENE","ENSTATITE/CLINOENSTATITE","LHERZOLITE, SPINEL, XENOLITH",56.2185666666667,0.0367,2.39286666666667,0.342633333333333,5.07386666666667,0.341866666666667,34.6167333333333,0.126433333333333,0.03,0.0326,0.002387,0.0195,0,0.007,0.0805,0,0.02,0,0,0,0,0
"150","36700","samp. 8386","PYROXENE","ENSTATITE/CLINOENSTATITE","PYROXENITE",55.5944,0.12341,2.12857,0.395372,7.67185,0.385871664693865,33.1028,0.09,0.003,0.028,0.0182186044769204,0.0068,0,0,0.128732,0,0.01,0.019589,0,0,0,0
"151","32504","samp. BRGIC 3","PYROXENE","FERROSILITE/CLINOFERROSILITE","MELADIORITE",50.9075912727273,0.147,0.3239,0.045,31.1616,0.9067,15.6603,0.7375,0.0409,0.1012,0.05,0,0.017,0.0209,0.01,0,0.02,0.044,0,0,0,0
"152","11239","samp. UC668","PYROXENE","FERROSILITE/CLINOFERROSILITE","RHYOLITE",50.915,0.056,0.282,0.054,31.266,0.802,15.436,1.449,0.01,0.016,0,0.0108,0,0,0.005,0,0.03,0.041,0,0,0,0
"153","964","samp. 228211","PYROXENE","FERROSILITE/CLINOFERROSILITE","DOLERITE, QUARTZ",50.26,0.43,0.48,0.0148,30.11,5.98,12.62,0.75,0.0333863275039746,0.165036146728944,0.0698,0.0121,0,0.01525,0.025,0,0.01,0.0443,0,0,0,0
"154","25611","samp. BP5-23-12-9","PYROXENE","FERROSILITE/CLINOFERROSILITE","RHYOLITE",51.78,0.22,0.3,0.01,28.64,1.31,16.73,1.81,0.01,0.04,0,0.18,0,0.0038,0,0,0.03,0.033,0,0,0,0
"155","1400","samp. P471A","PYROXENE","FERROSILITE/CLINOFERROSILITE","RHYOLITE",49.83,0,0.73,0.03,31.63,1.21,14.97,1.85,0,0,0,0.1,0.028,0.0058,0,0,0.03,0,0,0,0,0
"156","6817","samp. EB-B2","PYROXENE","FERROSILITE/CLINOFERROSILITE","RHYOLITE",48.3215998367514,0,0.336700336700337,0,40.1387613508826,1.17334965819814,8.44811753902663,1.58147127844098,0,0.01,0.08,0.1034,0.055269,0.0066,0.01,0,0.02,0.11,0,0,0,0
"157","25664","samp. 14 008","PYROXENE","FERROSILITE/CLINOFERROSILITE","RHYOLITE",51.69,0.15,0.28,0,30.65,1.27,16.21,1.16,0,0,0,0.0195,0,0.0048,0,0,0.05,0.053,0,0,0,0
"158","13928","samp. VR62A1","PYROXENE","FERROSILITE/CLINOFERROSILITE","ANDESITE, BASALTIC",50.789,0.28,0.533,0,28.541,1.76,16.093,1.356,0.001,0.044,0.082,0.0177,0.001585,0.0353,0.004,0,0.02,0.049,0,0,0,0
"159","11319","samp. UC720","PYROXENE","FERROSILITE/CLINOFERROSILITE","RHYOLITE",50.558,0.07,0.285,0.03,28.861,0.782,17.168,1.488,0.003,0.03,0.0187132331709747,0.009,0.06967,0.001,0.004,0,0.02,0.041,0,0,0,0
"160","7192","samp. 1/3","PYROXENE","FERROSILITE/CLINOFERROSILITE","NOT GIVEN",47.19,0.47,4.47,0.06,32.26,0.76,13.26,1.12,0.17,0.2,0.15,0.1034,0.0704,0.06,0.05322538,0,0.04,0.0443,0,0,0,0
"161","19840","samp. P2027","PYROXENE","FERROSILITE/CLINOFERROSILITE","RHYOLITE",50.786,0.075,0.42,0.097,31.003,1.243,15.119,1.461,0,0,0,0.1,0.0076,0.0056,0,0,0.03,0.0209,0,0,0,0
"162","2961","samp. AG8","PYROXENE","FERROSILITE/CLINOFERROSILITE","NOT GIVEN",51.72,0.507,1.02,0.09,31.69,1.5,14.89,0.8823,0.007,0.02,0.08,0.0038,0.0224,0.04,0.006,0,0.04,0.049,0,0,0,0
"163","21832","samp. BP124","PYROXENE","FERROSILITE/CLINOFERROSILITE","RHYOLITE",51.1455191995825,0.05,0.326594004427269,0.031,29.1563502243793,1.08596972417423,17.4755295440202,1.33299042720389,0,0.032,0.023,0.0136,0.065,0,0.01,0,0,0.049,0,0,0,0
"164","862","samp. K-42","PYROXENE","FERROSILITE/CLINOFERROSILITE","RHYOLITE",50,0.12,0.28,0.014,32,1.13,15.4,1.48,0.0115,0.01,0.009958,0.0163,0.0389,0.0081,0,0,0.01,0.03,0,0,0,0
"165","2756","samp. K3(90031804)","PYROXENE","FERROSILITE/CLINOFERROSILITE","GRANODIORITE, BIOTITE-CORDIERITE-ORTHOPYROXENE",48.26,0.14,4.42,0.0246,33.084,0.16,13.47,0.68,1.2,0.1555,0.1,0.1034,0.043059,0.09,0.05,0,0.02,0.25,0,0,0,0
"166","6819","samp. EB-B2","PYROXENE","FERROSILITE/CLINOFERROSILITE","RHYOLITE",49.0061475409836,0.0922131147540984,0.235655737704918,0.013,39.5184426229508,1.01434426229508,8.66803278688525,1.46516393442623,0.01,0.03,0.01,0.0026,0,0.0123,0.09,0,0.01,0.11,0,0,0,0
"167","766","samp. 135924","PYROXENE","FERROSILITE/CLINOFERROSILITE","ANDESITE",51,0.66,0.62,0.05,25.6,6.74,14.7,0.44,0.02,0.05,0.09,0.0038,0.0224,0.03,0,0,0.02,0.047,0,0,0,0
"168","25364","samp. BE SRP 12 025","PYROXENE","FERROSILITE/CLINOFERROSILITE","RHYOLITE",48.88,0.116,0.299,0,39.39,1.63,8.34,1.42,0,0.045,0.13,0.0221,0.0313,0.0145,0,0,0.04,0.14,0,0,0,0
"169","35162","samp. YP414","PYROXENE","FERROSILITE/CLINOFERROSILITE","NOT GIVEN",48.3078323133013,0.294911097486205,0.539377186843947,0,36.1066101942109,5.15516727648613,7.79854256387223,1.43510190369541,0.00515625,0.119159250142019,0.04,0,0.035083,0.0145,0.029,0,0.04,0.12,0,0,0,0
"170","25501","samp. BP5-23-12-8","PYROXENE","FERROSILITE/CLINOFERROSILITE","RHYOLITE",49.69,0.23,0.28,0,34.46,1.58,11.66,1.41,0,0.03,0,0.0071,0.032,0,0,0,0.02,0.16,0,0,0,0
"171","6916","samp. EBI-D2","PYROXENE","FERROSILITE/CLINOFERROSILITE","RHYOLITE",48.8636363636364,0.0790513833992095,0.41501976284585,0,39.6146245059289,1.21541501976285,8.29051383399209,1.52173913043478,0.008,0.02,0,0.0095,0.0226,0,0.009,0,0.03,0.11,0,0,0,0
"172","34145","samp. MFT","PYROXENE","FERROSILITE/CLINOFERROSILITE","RHYOLITE",48.47,0.8567,0.2286,0,40.15,1.54,8.35,1.46,0,0,0.3,0.18,0.000119,0.03,0.096,0,0.02,0.12,0,0,0,0
"173","11454","samp. UC644","PYROXENE","FERROSILITE/CLINOFERROSILITE","RHYOLITE",50.292,0.083,0.416,0.004,32.009,0.836,15.446,1.659,0.0106,0.021,0,0.0089,0.0224,0,0.004,0,0.02,0.049,0,0,0,0
"174","12194","samp. 06HS-1","PYROXENE","FERROSILITE/CLINOFERROSILITE","RHYOLITE",49.4372,0.195362,0.257065,0,34.6057,1.52201,11.6702,1.45709,0.004014,0.019991,0,0.0346,0.030082,0.0052,0,0,0.03,0.11,0,0,0,0
"175","21665","samp. BP209","PYROXENE","FERROSILITE/CLINOFERROSILITE","RHYOLITE",50.731591657639,0.216404419149648,0.495917025783361,0.022069926820769,29.714808977054,1.29530632042385,17.238280533768,1.21960020502307,0.002,0.019,0,0,0,0,0,0,0.02,0.056,0,0,0,0
"176","25532","samp. BP5-23-12-6","PYROXENE","FERROSILITE/CLINOFERROSILITE","RHYOLITE",49.9,0.2,0.29,0.01,34.75,1.65,11.8,1.45,0,0.01,0,0.0015,0.0366,0.0034,0.004,0,0.01,0.11,0,0,0,0
"177","33981","samp. YD20","PYROXENE","FERROSILITE/CLINOFERROSILITE","DACITE",49.0366,0.138534,0.344208,0,33.703,3.79619,11.1925,1.3812,0.006117,0.05505,0,0,0.076537,0.0159,0.006217,0,0.02,0.12,0,0,0,0
"178","34359","samp. MCND4","PYROXENE","FERROSILITE/CLINOFERROSILITE","NORITE",50.73,0.07,0.62,0.06,31.7,0.64,15.13,0.71,0.02,0.03,0.13,0.013,0,0.0034,0,0,0.02,0.041,0,0,0,0
"179","11482","samp. UC666","PYROXENE","FERROSILITE/CLINOFERROSILITE","RHYOLITE",50.377,0.086,0.404,0.0043,31.746,0.821,15.231,1.648,0.01,0.018,0.05,0.0217,0.03,0.0161,0,0,0.01,0.0505,0,0,0,0
"180","18601","samp. VS 161","PYROXENE","FERROSILITE/CLINOFERROSILITE","NOT GIVEN",50.04,0.19,0.609855742,0,32.91,0.79,15.749765912,0.77,0,0,0,0.0068,0.02,0.0056,0,0,0.04,0,0,0,0,0
"181","27684","samp. YCV12","PYROXENE","HEDENBERGITE","RHYOLITE",49.01,0.22,0.49,0,29.71,17.09,2.93,0.97,0.08,0.29,0.1487,0,0,0,0,0,0,0,0,0,0.66,0
"182","24878","samp. SMN57","PYROXENE","HEDENBERGITE","RHYOLITE, PERALKALINE",48.22,0.31,0.16,0,30.81,17.41,1.24,1.29,0.02,1.15,0.12,0,0,0,0,0,0.01,0,0,0,0.35,0
"183","24881","samp. SMN57","PYROXENE","HEDENBERGITE","RHYOLITE, PERALKALINE",47.25,0.27,0.17,0,30.18,18.42,0.93,0.93,0,0.81,0.11,0,0,0,0,0,0.01,0,0,0,0.66,0
"184","27212","samp. SE131-5-1","PYROXENE","HEDENBERGITE","NOT GIVEN",48.68,0.53,1.31,0,24.23,20.71,4.16,0.92,0.02,0.36,0.1841,0,0,0,0.03,0,0,0,0,0,0.16,0
"185","27301","samp. SE72-4-1","PYROXENE","HEDENBERGITE","NOT GIVEN",47.91,0.54,0.28,0,29.29,20,0.13,0.95,0,0.81,0.09,0,0,0,0.04,0,0.01,0,0,0,0.66,0
"186","5021","samp. 19","PYROXENE","HEDENBERGITE","RHYOLITE",48.17,0.44,0.67,0,30.15,19.34,0.54,0.58,0.0447,1.99,0.09,0,0,0,0.01,0,0.01,0,0,0,0.14,0
"187","24880","samp. SMN57","PYROXENE","HEDENBERGITE","RHYOLITE, PERALKALINE",47.52,0.23,0.16,0,29.92,18.59,1.17,0.91,0.01,0.79,0.13,0,0,0,0,0,0,0,0,0,0.49,0
"188","29508","samp. PN-29-263","PYROXENE","HEDENBERGITE","PANTELLERITE",47.87,0.36,0.47,0.09,29.57,20.13,0.03,0.81,0.01,0.65,0.01,0,0,0,0.03,0,0,0,0,0,0.24,0
"189","5240","samp. 125-1","PYROXENE","HEDENBERGITE","GRANITE",47.34,0.63,0.58,0.03,27.86,19.18,1.88,1.13,0.03,0.49,0.284,0,0,0,0,0,0.13,0,0,0,0.66,0
"190","24873","samp. SMN57","PYROXENE","HEDENBERGITE","RHYOLITE, PERALKALINE",47.42,0.22,0.16,0,29.57,18.28,1.02,0.81,0,1.25,0.11,0,0,0,0,0,0,0,0,0,0.31,0
"191","31862","samp. PAN 01113","PYROXENE","HEDENBERGITE","PANTELLERITE",52.9,0.22,0.77,0.00995972406098806,32.3,1.36,0.08,0.84,0.16,11.21,0.3,0,0,0,0,0,0.06,0,0,0,0.87,0
"192","5619","samp. NCD","PYROXENE","HEDENBERGITE","NOT GIVEN",47.6,0.33,0.24,0.01,30.3,0.5,0.71,1.54,0.77,8.07,0.94,0,0,0,0,0,0.13,0,0,0,0,0
"193","24896","samp. BL511D","PYROXENE","HEDENBERGITE","RHYOLITE, PERALKALINE",49.19,0.27,0.13,0,29.82,18.35,0.63,0.82,0,1.39,0.73,0,0,0,0,0,0.06,0,0,0,0.13,0
"194","22186","samp. SMN168","PYROXENE","HEDENBERGITE","RHYOLITE",48.36,0.51,0.24,0,29.6,19.43,0.32,0.96,0,0.55,0.09,0,0,0,0,0,0,0,0,0,0.2,0
"195","11998","samp. P25","PYROXENE","HEDENBERGITE","NOT GIVEN",42.6,1.42,8.91,0,15.83,22.52,6.7,0.6,0,0.43,0.06,0,0,0,0.01,0,0.01,0,0,0,0.15,0
"196","5310","samp. 30","PYROXENE","HEDENBERGITE","CRINANITE",46.1,1.66,2.01,0.03,27.2,20.2,0.69,0.49,0.08,0.86,0.0158,0,0,0,0,0,0.01,0,0,0,0.2,0
"197","29508","samp. PN-29-263","PYROXENE","HEDENBERGITE","PANTELLERITE",47.87,0.36,0.47,0.09,29.57,20.13,0.03,0.81,0.01,0.65,0.01,0,0,0,0.03,0,0,0,0,0,0.24,0
"198","5310","samp. 30","PYROXENE","HEDENBERGITE","CRINANITE",46.1,1.66,2.01,0.03,27.2,20.2,0.69,0.49,0.08,0.86,0.0158,0,0,0,0,0,0.01,0,0,0,0.2,0
"199","21848","samp. CHANGBAISHAN","PYROXENE","HEDENBERGITE","TRACHYTE",49.26,0.39,0.68,0,21.7,20.3,5.82,0.85,0,0.4,0.1701,0,0,0,0.17,0,0.04,0,0,0,0,0
"200","5211","samp. 37","PYROXENE","HEDENBERGITE","NOT GIVEN",48.1,0.33,0.22,0.02,30.1,18.5,0.62,1.51,0.14,0.52,0.1437,0,0,0,0.01,0,0,0,0,0,0.24,0
"201","8812","samp. CA-59","PYROXENE","HEDENBERGITE","TRACHYTE, QUARTZ",48.65,0.59,0.37,0.03,29.24,18.76,1.28,1.93,0.09,0.88,0.06,0,0,0,0.03,0,0,0,0,0,0.24,0
"202","22823","samp. SKM-14","PYROXENE","HEDENBERGITE","METALIMESTONE",47.88,0.42,4.33,0,15.66,23.07,7.39,0.7,0,0.58,0,0,0,0,0.033,0,0,0,0,0,0,0
"203","27687","samp. YCV06","PYROXENE","HEDENBERGITE","RHYOLITE",49.18,0.23,0.51,0.031,28.38,16.13,4.58,1.04,0.03,0.28,0.1613,0,0,0,0,0,0.167,0,0,0,0,0
"204","5307","samp. 30","PYROXENE","HEDENBERGITE","CRINANITE",48.2,1.12,1.19,0.09,24.1,20.4,4.18,0.6,0.01,0.53,0.08,0,0,0,0.08,0,0,0,0,0,0.33,0
"205","10622","samp. VCO 109N","PYROXENE","HEDENBERGITE","TRACHYTE",43.5,1.49,10.7,0,14.41,21.2,7.02,0.32,0,0.79,0,0,0,0,0.01,0,0,0,0,0,0,0
"206","10542","samp. MAR38","PYROXENE","HEDENBERGITE","SYENITE",48.17,0.5,0.48,0,28.01,19.05,2.59,1.23,0.01,0.55,0.1273,0,0,0,0.02,0,0,0,0,0,0.05,0
"207","24873","samp. SMN57","PYROXENE","HEDENBERGITE","RHYOLITE, PERALKALINE",47.42,0.22,0.16,0,29.57,18.28,1.02,0.81,0,1.25,0.11,0,0,0,0,0,0,0,0,0,0.31,0
"208","19275","samp. VS 59","PYROXENE","HEDENBERGITE","GRANULITE",50.26,0.11,1.07,0.28,13.94,23.64,6.79,0.23,0.03,0.58,0.1,0,0,0,0.06,0,0.09,0,0,0,0.07,0
"209","13567","samp. 2E","PYROXENE","HEDENBERGITE","BASALT",43.71,1.78,8.5,0.03,14.38,20.68,6.75,0.55,0.0877,1.8,0.09,0,0,0,0,0,0.01,0,0,0,0,0
"210","9621","samp. W-02","PYROXENE","HEDENBERGITE","TRACHYANDESITE",50.05,0.48,1.9,0.04,18.01,21.44,7.23,0.87,0.04,0.44,0.42,0,0,0,0.0013,0,0.01,0,0,0,0.25,0
"211","10132","samp. SAE108","PYROXENE","JADEITE","CLINOPYROXENITE, SPINEL-GARNET, XENOLITH",52.301125,0.080375,7.511,0.109,1.448375,22.247,14.79175,0.018625,0.005125,1.12275,0.01,0,0,0,0.026,0,0.09,0,0,0,0.01,0
"212","27423","samp. SWRH4","PYROXENE","JADEITE","BASALT",53.7433,0.169,28.4797,0,0.9756,10.9789,0.1167,0.0381,0.4778,5.0704,0.1197,0,0,0,0,0,0.056,0,0,0,3.44,0
"213","26786","samp. L6A","PYROXENE","JADEITE","NOT GIVEN",55.5638,0.1099,27.34,0.24,1.0014,10.0817,0.0572,0.136,0.433,5.7373,0.012,0,1,0,0.05,0,0.09,0,0,0,1.04,0
"214","8266","samp. CP112","PYROXENE","JADEITE","ANDESITE",52.58,0.07,29.45,0.19,0.54,11.83,0.04,0.05,0.14,4.57,0.7,0,0,0,0.12,0,0.11,0,0,0,1.4,0
"215","26790","samp. L6A","PYROXENE","JADEITE","NOT GIVEN",53.6244,0.0837,28.3462,0.21,0.8778,11.1646,0.1048,0.15,0.3281,5.2956,0.1869,0,0,0,0.05,0,0.09,0,0,0,3.58,0
"216","8266","samp. CP112","PYROXENE","JADEITE","ANDESITE",52.58,0.07,29.45,0.19,0.54,11.83,0.04,0.05,0.14,4.57,0.7,0,0,0,0.12,0,0.11,0,0,0,1.4,0
"217","26786","samp. L6A","PYROXENE","JADEITE","NOT GIVEN",55.5638,0.1099,27.34,0.24,1.0014,10.0817,0.0572,0.136,0.433,5.7373,0.012,0,1,0,0.05,0,0.09,0,0,0,1.04,0
"218","27423","samp. SWRH4","PYROXENE","JADEITE","BASALT",53.7433,0.169,28.4797,0,0.9756,10.9789,0.1167,0.0381,0.4778,5.0704,0.1197,0,0,0,0,0,0.056,0,0,0,3.44,0
"219","823","samp. 12870","PYROXENE","JADEITE","PHONOLITE",61.5,0.13,21.14,0.39,1.09,9.91,0.66,0.22,0.46,5.64,0.07,0,0,0,0.0589,0,0.041,0,0,0,0.48,0
"220","26786","samp. L6A","PYROXENE","JADEITE","NOT GIVEN",55.5638,0.1099,27.34,0.24,1.0014,10.0817,0.0572,0.136,0.433,5.7373,0.012,0,1,0,0.05,0,0.09,0,0,0,1.04,0
"221","823","samp. 12870","PYROXENE","JADEITE","PHONOLITE",61.5,0.13,21.14,0.39,1.09,9.91,0.66,0.22,0.46,5.64,0.07,0,0,0,0.0589,0,0.041,0,0,0,0.48,0
"222","23547","samp. FB70","PYROXENE","JADEITE","GABBRO",50.4,0.98,5.04,0.26,0.27,20.9,13.2,8.13,0.01,1.05,0.0158,0,0,0,0.11,0,0.113,0,0,0,0,0
"223","26790","samp. L6A","PYROXENE","JADEITE","NOT GIVEN",53.6244,0.0837,28.3462,0.21,0.8778,11.1646,0.1048,0.15,0.3281,5.2956,0.1869,0,0,0,0.05,0,0.09,0,0,0,3.58,0
"224","23547","samp. FB70","PYROXENE","JADEITE","GABBRO",50.4,0.98,5.04,0.26,0.27,20.9,13.2,8.13,0.01,1.05,0.0158,0,0,0,0.11,0,0.113,0,0,0,0,0
"225","26786","samp. L6A","PYROXENE","JADEITE","NOT GIVEN",55.5638,0.1099,27.34,0.24,1.0014,10.0817,0.0572,0.136,0.433,5.7373,0.012,0,1,0,0.05,0,0.09,0,0,0,1.04,0
"226","10132","samp. SAE108","PYROXENE","JADEITE","CLINOPYROXENITE, SPINEL-GARNET, XENOLITH",52.301125,0.080375,7.511,0.109,1.448375,22.247,14.79175,0.018625,0.005125,1.12275,0.01,0,0,0,0.026,0,0.09,0,0,0,0.01,0
"227","26813","samp. L15","PYROXENE","JADEITE","NOT GIVEN",52.9352,0.0844,28.8326,0.19,0.8225,12.0521,0.1188,0.39,0.2752,4.4697,0,0,1,0,0.0475,0,0.17,0,0,0,0.84,0
"228","823","samp. 12870","PYROXENE","JADEITE","PHONOLITE",61.5,0.13,21.14,0.39,1.09,9.91,0.66,0.22,0.46,5.64,0.07,0,0,0,0.0589,0,0.041,0,0,0,0.48,0
"229","823","samp. 12870","PYROXENE","JADEITE","PHONOLITE",61.5,0.13,21.14,0.39,1.09,9.91,0.66,0.22,0.46,5.64,0.07,0,0,0,0.0589,0,0.041,0,0,0,0.48,0
"230","27423","samp. SWRH4","PYROXENE","JADEITE","BASALT",53.7433,0.169,28.4797,0,0.9756,10.9789,0.1167,0.0381,0.4778,5.0704,0.1197,0,0,0,0,0,0.056,0,0,0,3.44,0
"231","26813","samp. L15","PYROXENE","JADEITE","NOT GIVEN",52.9352,0.0844,28.8326,0.19,0.8225,12.0521,0.1188,0.39,0.2752,4.4697,0,0,1,0,0.0475,0,0.17,0,0,0,0.84,0
"232","26813","samp. L15","PYROXENE","JADEITE","NOT GIVEN",52.9352,0.0844,28.8326,0.19,0.8225,12.0521,0.1188,0.39,0.2752,4.4697,0,0,1,0,0.0475,0,0.17,0,0,0,0.84,0
"233","823","samp. 12870","PYROXENE","JADEITE","PHONOLITE",61.5,0.13,21.14,0.39,1.09,9.91,0.66,0.22,0.46,5.64,0.07,0,0,0,0.0589,0,0.041,0,0,0,0.48,0
"234","10132","samp. SAE108","PYROXENE","JADEITE","CLINOPYROXENITE, SPINEL-GARNET, XENOLITH",52.301125,0.080375,7.511,0.109,1.448375,22.247,14.79175,0.018625,0.005125,1.12275,0.01,0,0,0,0.026,0,0.09,0,0,0,0.01,0
"235","23547","samp. FB70","PYROXENE","JADEITE","GABBRO",50.4,0.98,5.04,0.26,0.27,20.9,13.2,8.13,0.01,1.05,0.0158,0,0,0,0.11,0,0.113,0,0,0,0,0
"236","10132","samp. SAE108","PYROXENE","JADEITE","CLINOPYROXENITE, SPINEL-GARNET, XENOLITH",52.301125,0.080375,7.511,0.109,1.448375,22.247,14.79175,0.018625,0.005125,1.12275,0.01,0,0,0,0.026,0,0.09,0,0,0,0.01,0
"237","27423","samp. SWRH4","PYROXENE","JADEITE","BASALT",53.7433,0.169,28.4797,0,0.9756,10.9789,0.1167,0.0381,0.4778,5.0704,0.1197,0,0,0,0,0,0.056,0,0,0,3.44,0
"238","13088","samp. 2-CPX","PYROXENE","JADEITE","NEPHELINITE",49.81,0,28.79,0.01,0.06,0.23,0.01,0.02,0.01,20.48,0.89,0,1,0,0.05,0,0.041,0,0,0,2.8,0
"239","10132","samp. SAE108","PYROXENE","JADEITE","CLINOPYROXENITE, SPINEL-GARNET, XENOLITH",52.301125,0.080375,7.511,0.109,1.448375,22.247,14.79175,0.018625,0.005125,1.12275,0.01,0,0,0,0.026,0,0.09,0,0,0,0.01,0
"240","823","samp. 12870","PYROXENE","JADEITE","PHONOLITE",61.5,0.13,21.14,0.39,1.09,9.91,0.66,0.22,0.46,5.64,0.07,0,0,0,0.0589,0,0.041,0,0,0,0.48,0
"241","704","samp. 77SL-5","PYROXENE","OMPHACITE","LHERZOLITE, SPINEL, XENOLITH",52.39,0.35,7.09,0.91,3.05,18.8,14.43,0.15,0.0222,2.41,0,0,0,0,0.07,0,0.09,0,0,0,0.17,0
"242","14600","samp. 1904-1","PYROXENE","OMPHACITE","GRANULITE",52.23,0.14,10.5,0.01,2.23,20.71,12.1,0,0.02,2.62,0,0,0,0,0.11,0,0.18,0,0,0,0,0
"243","27582","samp. 14/01/1070","PYROXENE","OMPHACITE","KIMBERLITE",55.23,0.05,3.08,2.54,2.14,18.16,15.64,0.1,0,2.76,0.01,0,0,0,0,0,0.17,0,0,0,0,0
"244","7710","samp. TF14-39","PYROXENE","OMPHACITE","HARZBURGITE, XENOLITH",55.02,0.05,0.75,3.9,3.35,18.87,15.33,0.11,0.01,2.53,0.012,0,0,0,0.02,0,0.13,0,0,0,0,0
"245","27475","samp. 14/01/1030","PYROXENE","OMPHACITE","KIMBERLITE",55.42,0.26,1.89,3.16,2.39,17.76,16.46,0.13,0,2.63,0,0,0,0,0.03,0,0.01,0,0,0,0.35,0
"246","18031","samp. HR-2","PYROXENE","OMPHACITE","PERIDOTITE, SPINEL, XENOLITH",51.42425,0.74475,7.3775,0.58775,3.36275,19.29525,14.74725,0.10925,0.007,1.86625,0.08,0,0,0,0.08175,0,0.18,0,0,0,0,0
"247","15659","samp. 1904-1","PYROXENE","OMPHACITE","GRANULITE",54.31,0.02,5.28,0.41,2.78,20.37,14.18,0,0.0251,2.4,0.1841,0,0,0,0.16,0,0.09,0,0,0,0.07,0
"248","27466","samp. 14/01/1027","PYROXENE","OMPHACITE","KIMBERLITE",54.75,0.2,2.38,4.4,1.84,16.49,15.56,0.1,0.02,3.18,0.04,0,0,0,0,0,0.113,0,0,0,0.07,0
"249","23612","samp. BD3693","PYROXENE","OMPHACITE","LHERZOLITE, XENOLITH",55.2206,0.1685,2.935,1.7739,2.3496,18.0758,16.4368,0.0798,0.0435,2.5079,0.12,0,0,0,0.0473,0,0.09,0,0,0,0.17,0
"250","27522","samp. 14/01/1045","PYROXENE","OMPHACITE","KIMBERLITE",54.75,0.25,0.9,3.94,2.55,18.1,16,0.1,0,2.8,0.032,0,0,0,0.06,0,0.01,0,0,0,0.11,0
"251","27493","samp. 14/01/1036","PYROXENE","OMPHACITE","KIMBERLITE",55.06,0.14,2.63,2.51,2.76,17.46,16.04,0.1,0.07,2.81,0.06,0,0,0,0,0,0.09,0,0,0,0,0
"252","27473","samp. 14/01/1028","PYROXENE","OMPHACITE","KIMBERLITE",53.99,0.19,4.67,1.65,3.46,19.2,13.46,0.06,0,2.44,0,0,0,0,0.08,0,0,0,0,0,0.35,0
"253","24692","samp. KE 1960/8","PYROXENE","OMPHACITE","WEBSTERITE, GARNET, XENOLITH",52.3116,0.270864,7.0686,0.565191,2.4453,21.1959,13.8006,0.06534,0,2.3067,0,0,0,0,0.019602,0,0.09,0,0,0,0.03,0
"254","29273","samp. LET6","PYROXENE","OMPHACITE","LHERZOLITE, GARNET-SPINEL, XENOLITH",54.83,0.09,4.35,3.34,2.11,17.24,14.06,0.05,0,4.01,0.02,0,0,0,0,0,0.085,0,0,0,0.07,0
"255","22303","samp. 9510-19","PYROXENE","OMPHACITE","HARZBURGITE, XENOLITH",54.21,0.18,4.26,1.22,2.68,18.62,15.93,0.06,0,2.44,0.02,0,0,0,0.0084,0,0.06,0,0,0,0,0
"256","17025","samp. NMNH115048-25","PYROXENE","OMPHACITE","PERIDOTITE, SPINEL, XENOLITH",53.69,0.19,5.14,1.23,2.82,19.42,15.57,0.09,0.01,2.48,0.03,0,0,0,0.0256157894736842,0,0.09,0,0,0,0,0
"257","24647","samp. KE 771/2","PYROXENE","OMPHACITE","WEBSTERITE, GARNET, XENOLITH",52.52,0.52,8.36,0.54,2.29,19.21,12.78,0.08,0,3.08,0.07,0,0,0,0,0,0.056,0,0,0,0.03,0
"258","27462","samp. 14/01/1024","PYROXENE","OMPHACITE","KIMBERLITE",55.32,0.13,2.14,3.07,2.42,17.39,15.94,0.07,0,2.82,0.02,0,0,0,0.04,0,0.113,0,0,0,0.35,0
"259","31335","samp. 252","PYROXENE","OMPHACITE","LHERZOLITE, XENOLITH",54.88,0.14,3.33,3.5,1.9,17.48,15.52,0.08,0,3.15,0.01,0,0,0,0.03,0,0.085,0,0,0,0.11,0
"260","31940","samp. 725B","PYROXENE","OMPHACITE","LAMPROITE",52.3,0.79,1.67,0.79,13.6,14,10.8,0.98,0.025,4.86,0.09,0,0,0,0.04,0,0.113,0,0,0,0,0
"261","29414","samp. II","PYROXENE","OMPHACITE","ECLOGITE, XENOLITH",52.6,0.54,11.49,0.05,2.99,18.02,10.75,0.03,0.07,3.53,0.15,0,0,0,0.17,0,0.085,0,0,0,0,0
"262","23605","samp. BD3692","PYROXENE","OMPHACITE","LHERZOLITE, XENOLITH",55.0217,0.1726,2.9313,1.8008,2.3061,18.1213,16.3312,0.0952,0.0379,2.4516,0.03,0,0,0,0.0413,0,0.113,0,0,0,0,0
"263","29413","samp. I","PYROXENE","OMPHACITE","ECLOGITE, XENOLITH",52.38,0.62,9.04,0.06,7.52,17.04,9.65,0.06,0.0877,3.62,0.23,0,0,0,0.05,0,0.056,0,0,0,0.07,0
"264","31326","samp. 236","PYROXENE","OMPHACITE","LHERZOLITE, GARNET, XENOLITH",54.86,0.23,2.32,3.41,2.42,17.96,15.9,0.08,0.05,2.65,0,0,0,0,0.07,0,0.041,0,0,0,0.17,0
"265","29272","samp. LET1","PYROXENE","OMPHACITE","LHERZOLITE, GARNET, XENOLITH",55.28,0.12,3.41,3.14,2.21,17.44,14.94,0.04,0.02,3.24,0.02,0,0,0,0.05,0,0.18,0,0,0,0,0
"266","21122","samp. NUSH1","PYROXENE","OMPHACITE","PERIDOTITE, AMPHIBOLE-SPINEL, XENOLITH",52.8,0.05,6,1.33,2.86,18.79,13.68,0.07,0.01,3.06,0.02,0,0,0,0,0,0.13,0,0,0,0,0
"267","33357","samp. ARK","PYROXENE","OMPHACITE","KIMBERLITE",55.1,0.21,1.76,2.91,2.58,18.6,15.86,0.02,0.02,2.71,0.03,0,0,0,0.05,0,0.113,0,0,0,0,0
"268","27794","samp. 488571","PYROXENE","OMPHACITE","CARBONATITE",52.19,0.4,2.57,0.062,13.1,18.01,9.11,0.322,0,4.13,0.12,0,0,0,0.007,0,0.01,0,0,0,0.25,0
"269","29281","samp. LIQ10","PYROXENE","OMPHACITE","LHERZOLITE, GARNET, XENOLITH",56.56,0.2,3.06,2.33,2.35,18.97,16.02,0.08,0.05,2.87,0.02,0,0,0,0,0,0.1,0,0,0,0.25,0
"270","14582","samp. 1904-3","PYROXENE","OMPHACITE","GRANULITE",53.68,0.02,11.56,0.05,2.6,17.45,10.85,0.04,0,4.58,0.05,0,0,0,0.08,0,0.01,0,0,0,0.06,0
"271","31992","samp. G5","PYROXENE","PIGEONITE","BASALT",51.32,0.15,0.97,0.02,22.23,4.35,19.9,0.49,0.02,0.04,0.026,0,0,0,0.04,0,0.09,0,0,0,0.2,0
"272","13279","samp. GE3","PYROXENE","PIGEONITE","NOT GIVEN",53.36,0.48,0.83,0.02,18.93,1.78,23.89,2.14,0,0.03,0,0,0,0,0,0,0.1,0,0,0,1.42,0
"273","4830","samp. AZ6","PYROXENE","PIGEONITE","ANDESITE, BASALTIC",51.9,0.35,0.52,0.03,21,3.65,20.5,0.74,0,0.04,0.09,0,0,0,0,0,0.01,0,0,0,2.8,0
"274","3150","samp. MB81-16","PYROXENE","PIGEONITE","THOLEIITE",49.87,1.05,1.56,0.01,17.42,6.35,12.2,0.42,0.01,0.23,0.02,0,0,0,0.01,0,0.01,0,0,0,0.45,0
"275","21247","samp. KT03-8 D16-3","PYROXENE","PIGEONITE","THOLEIITE",50.91,0.32,1.82,0.03,21.44,7.33,20.4,0.31,0,0.08,0.06,0,0,0,0.01,0,0.085,0,0,0,0.07,0
"276","32232","samp. TWSBBV CAS1","PYROXENE","PIGEONITE","RHYOLITE",50.096,0.199,0.39,0.023,33.729,4.507,10.965,0.94,0.012,0.066,0.04,0,0,0,0.034,0,0.056,0,0,0,0.48,0
"277","5460","samp. HK37090503","PYROXENE","PIGEONITE","DIORITE, QUARTZ",49.3,0.6,0.68,0.02,28.84,3.14,15.38,2.44,0.0556666666666667,0.43,0.1,0,0,0,0.051,0,0.06,0,0,0,1.19,0
"278","32121","samp. BVSB","PYROXENE","PIGEONITE","RHYOLITE",49.326,0.118,0.341,0.002,33.364,4.888,9.814,0.9,0,0.05,0.8,0,0,0,0.062,0,0.11,0,0,0,0.17,0
"279","5459","samp. HK33022001","PYROXENE","PIGEONITE","ANDESITE, AUGITE-PIGEONITE-HYPERSTHENE",50.4,0.55,1.99,0.06,16.8514,6.43,18.28,0.35,0.02,1.33,0.05,0,0,0,0.09,0,0.113,0,0,0,0.26,0
"280","32219","samp. HARWS 5","PYROXENE","PIGEONITE","RHYOLITE",49.054,0.128,0.393,0.066,35.061,4.133,9.383,1.035,0.034,0.107,1.72,0,0,0,0.01,0,0.056,0,0,0,2.43,0
"281","19177","samp. NH87-113","PYROXENE","PIGEONITE","RHYOLITE",49.1,0.23,0.4,0.03,35.85,4.19,8.95,0.85,0,0.04,1.72,0,0,0,0,0,0.01,0,0,0,0.87,0
"282","15934","samp. SC2","PYROXENE","PIGEONITE","TRACHYANDESITE",51.98,0.3,3.71,0.09,17.34,1.33,26.2,0.32,0.08,0.03,0.09,0,0,0,0.12,0,0.085,0,0,0,0.13,0
"283","22294","samp. 12","PYROXENE","PIGEONITE","NOT GIVEN",48.71,2.39,4.48,0.03,7.55,24.31,11.93,0.08,0,0.77,0.94,0,0,0,0.0325,0,0.01,0,0,0,0.01,0
"284","16946","samp. SA 212","PYROXENE","PIGEONITE","BASALT",52,0.23,1.04,0.01,20.23,4.99,20.75,0.44,0.05,0.33,0.03,0,0,0,0.02,0,0.056,0,0,0,0.24,0
"285","27721","samp. 05-CTT-02","PYROXENE","PIGEONITE","RHYOLITE",49,0.23,0.34,0.002,35.3,4.05,9.91,1.07,0,0.06,0.13,0,0,0,0,0,0.11,0,0,0,1.4,0
"286","6811","samp. 18L","PYROXENE","PIGEONITE","THOLEIITE, TRANSITIONAL",51.26,0.55,0.01,0.12,28.67,3.99,14.66,0.72,0.01,0.01,0.1437,0,0,0,0.0422,0,0.13,0,0,0,2.27,0
"287","32087","samp. SEG-0708","PYROXENE","PIGEONITE","NOT GIVEN",54.11,0.2714,1.1842,0.0562,15.76,1.9605,26.59,0.4087,0.14,0.0523,0.143,0,0,0,0.057,0,0,0,0,0,0.12,0
"288","7884","samp. 21","PYROXENE","PIGEONITE","GABBRO, OLIVINE",54.11,0.46,0.95,0.25,13.32,4.77,25.94,0.34,0,0.06,0.05,0,0,0,0.0938,0,0.17,0,0,0,0.78,0
"289","5578","samp. BC13","PYROXENE","PIGEONITE","THOLEIITE",53.9,0.214805313155278,1.03,0.04,17.2,3.67,23.8,0.44,0,0.04,0.02,0,0,0,0.04,0,0.01,0,0,0,1.4,0
"290","8284","samp. SA7009-2002R","PYROXENE","PIGEONITE","ANDESITE, AUGITE-HYPERSTHENE",52,0.27,0.82,0.0125,22.1,2.16,20.9,0.26,0.13,0.17,0.1437,0,0,0,0.06,0,0.01,0,0,0,0.38,0
"291","32334","samp. MCMLV","PYROXENE","PIGEONITE","RHYOLITE",49.987,0.245,0.479,0,32.095,5.139,10.33,1.145,0.006,0.051,0.25,0,0,0,0.028,0,0.09,0,0,0,1.65,0
"292","11726","samp. FTM03-21-AA","PYROXENE","PIGEONITE","NOT GIVEN",51.8,0.43,1.33,0.06,22.12,4.77,18.09,0.89,0.01,0.08,0.1273,0,0,0,0.05,0,0.13,0,0,0,0.2,0
"293","12712","samp. 432","PYROXENE","PIGEONITE","THOLEIITE, PIGEONITE",50.91,0.49,0.39,0.01,27.45,4.43,15.17,0.64,0.02,0.21,0.02,0,0,0,0,0,0.056,0,0,0,1.42,0
"294","19165","samp. NH87-103","PYROXENE","PIGEONITE","RHYOLITE",48.4,0.52,0.3,0.05,35.09,4.5,9.94,1.08,0.03,0.13,0.51,0,0,0,0,0,0.085,0,0,0,1.38,0
"295","8528","samp. HK47122401","PYROXENE","PIGEONITE","ANDESITE, HYPERSTHENE-OLIVINE",52.84,0.22,0.44,0,16.85,4.06,23.51,0.56,0,0.19,0.11,0,0,0,0,0,0.113,0,0,0,1.04,0
"296","5613","samp. 567A","PYROXENE","PIGEONITE","BASALT, ANDESITIC",54.34,0.42,0.89,0.016,19.73,3.75,20.05,0.51,0,0.09,0,0,0,0,0,0,0.056,0,0,0,0.38,0
"297","18278","samp. T-8/7","PYROXENE","PIGEONITE","ANDESITE",52.26,0.36,1.22,0.66,27.93,3.28,16.24,0.8,0.0359,0.98,0.11,0,0,0,0.06,0,0.085,0,0,0,0.54,0
"298","22461","samp. DOU-27","PYROXENE","PIGEONITE","GABBRO",53.39,0.46,2.14,0,14.76,1.38,27.32,0.62,0.01,0.08,0.02,0,0,0,0.08,0,0.1,0,0,0,0.66,0
"299","24771","samp. BULALO","PYROXENE","PIGEONITE","NOT GIVEN",68.5,0.41,2.73,0.81,16.54,1.4,27.78,1.6,1.91,2.61,0.25,0,1,0,0.11,0,0.13,0,0,0,0.55,0
"300","17871","samp. A19","PYROXENE","PIGEONITE","ANDESITE, BASALTIC",53.32,0.19,1.05,0.07,17.37,5.38,21.7,0.47,0,0.02,0,0,0,0,0.02,0,0.01,0,0,0,0.13,0
"301","6128","samp. KLA1646","PYROXENE","TITAN-AUGITE","HARZBURGITE, XENOLITH",47.47,2.3,6.15,0.009,7.65,22.66,12.21,0.191,0.013,1.05,0,0,0,0,0.04,0,0,0,0,0,0,0
"302","17987","samp. 162","PYROXENE","TITAN-AUGITE","NOT GIVEN",43.68,3.19,10.51,0.05,8.01,22.56,11.01,0.05,0,0.41,0.1,0,0,0,0.01,0,0.01,0,0,0,0.1,0
"303","7458","samp. PAT2-107","PYROXENE","TITAN-AUGITE","GABBRO",44.57,2.88,8.07,0,9.61,22.85,9.75,0.27,0.01,0.88,0.07,0,0,0,0.02,0,0,0,0,0,0.25,0
"304","12724","samp. 26138","PYROXENE","TITAN-AUGITE","ANKARAMITE",40.96,5.11,10.03,0.01,8.05,23.07,12.15,0.09,0.01,0.61,0.11,0,0,0,0,0,0.01,0,0,0,0.15,0
"305","33033","samp. VL4","PYROXENE","TITAN-AUGITE","NEPHELINITE",48.2,2.58,4.55,0,6.66,24,13.6,0.12,0.005,0.49,0.18,0,0,0,0,0,0,0,0,0,0.04,0
"306","30097","samp. 7-169B","PYROXENE","TITAN-AUGITE","PYROXENITE, XENOLITH",48.211168627451,1.32393333333333,8.5628431372549,0.0141176470588235,6.23912156862745,19.5299274509804,13.7878137254902,0.124823529411765,0,1.15754705882353,0.01,0,0,0,0.0279352941176471,0,0.06,0,0,0,0.08,0
"307","24433","samp. 305","PYROXENE","TITAN-AUGITE","BASALT",43.33,4.39,8.93,0.307,7.91,22.58,11.84,0.168,0.03,0.388,0.07,0,0,0,0.011,0,0,0,0,0,0.11,0
"308","17602","samp. A-3","PYROXENE","TITAN-AUGITE","PYROXENITE, GARNET, XENOLITH",49.8,1.2,8.7,0.06,8.1,17.4,12.9,0.14,0.01,1.8,0.44,0,0,0,0.04,0,0.11,0,0,0,0.11,0
"309","21932","samp. LZ-27","PYROXENE","TITAN-AUGITE","NOT GIVEN",48.36,1.31,7.97,0.03,14.78,16.56,7.79,0.14,0.01,2.63,0.02,0,0,0,0,0,0.056,0,0,0,0.33,0
"310","13606","samp. POS270_165-3","PYROXENE","TITAN-AUGITE","BASANITE",43.63,3.96,8.94,0.02,9.6,21.91,11.96,0.12,0.013,0.44,0.07,0,0,0,0,0,0,0,0,0,0,0
"311","11702","samp. SR","PYROXENE","TITAN-AUGITE","NEPHELINITE, MELILITE",41.19,5.05,10.33,0.13,7.9,22.67,10.54,0.15,0.35,0.79,0.28,0,0,0,0.25,0,0.09,0,0,0,0.16,0
"312","12409","samp. 129-801C-2R-5,101-106","PYROXENE","TITAN-AUGITE","BASALT, ALKALINE",44.43,4.06,7.2,0.06,9.69,22.27,10.66,0.04,0.02,0.72,0.08,0,0,0,0.61,0,0.11,0,0,0,0.11,0
"313","12826","samp. 676","PYROXENE","TITAN-AUGITE","NOT GIVEN",41.34,5.95,9.22,0.1,10.68,22.2,9.11,0.16,0.49,0.84,0.56,0,0,0,0.15,0,0.09,0,0,0,0.05,0
"314","30153","samp. VU114","PYROXENE","TITAN-AUGITE","DUNITE, XENOLITH",48.5,1.89,6.99,0.04,6.52,23.4,11.8,0.22,0.04,0.58,0.21,0,0,0,0.01,0,0,0,0,0,0.03,0
"315","15313","samp. KLP 41","PYROXENE","TITAN-AUGITE","BASANITE",42.6,4.71,9.57,0.058,8.296,22.19,10.93,0.1,0,0.43,0.0091,0,0,0,0.03,0,0.01,0,0,0,0.25,0
"316","22696","samp. 104391","PYROXENE","TITAN-AUGITE","LAMPROPHYRE, ALKALINE",46.49,1.92,9.16,0.4,6.22,21.38,13.1,0.07,0.01,0.98,0.04,0,0,0,0,0,0.13,0,0,0,0.01,0
"317","17905","samp. 70","PYROXENE","TITAN-AUGITE","NOT GIVEN",44.04,4.33,7.81,0,7.45,22.58,12.54,0.31,0,0.59,0.1554,0,0,0,0.02,0,0,0,0,0,0.25,0
"318","32623","samp. NAY-2","PYROXENE","TITAN-AUGITE","BASALT",49.63,1.59,4.92,0.15,6.37,22.06,14.75,0.19,0.011,0.39,0,0,0,0,0.05,0,0.06,0,0,0,0.01,0
"319","30409","samp. P-38","PYROXENE","TITAN-AUGITE","BASALT, ALKALINE",48.89,0.87,6.84,0.02,5.1,21.58,14.7,0.12,0,0.67,0.02,0,0,0,0,0,0.13,0,0,0,0,0
"320","6112","samp. KLA1646","PYROXENE","TITAN-AUGITE","HARZBURGITE, XENOLITH",45.92,2.82,7.14,0.038,8.62,22.51,11.35,0.19,0,0.98,0.04,0,0,0,0,0,0,0,0,0,0.18,0
"321","29739","samp. SP98-53","PYROXENE","TITAN-AUGITE","NOT GIVEN",47.92,1.56,6.8,0.82,5.52,21.58,13.89,0.08,0,0.6,0,0,0,0,0.03,0,0.09,0,0,0,0,0
"322","3280","samp. 1985/5","PYROXENE","TITAN-AUGITE","MEIMECHITE",48.44,3.21,3.28,0,8.42,23.2,12.92,0,0,0.49,0.04,0,0,0,0,0,0.04,0,0,0,0,0
"323","1082","samp. P-9","PYROXENE","TITAN-AUGITE","BASALT, ALKALINE, OLIVINE",47.46,2.2,5.98,0.22,7.13,22.85,14.2,0.14,0,0.46,0.01,0,0,0,0,0,0.01,0,0,0,0.02,0
"324","17591","samp. 7610/58","PYROXENE","TITAN-AUGITE","WEHLERITE, XENOLITH",49.88,1.74,7.66,0.11,4.61,19.89,15.6,0.06,0,0.97,0.04,0,0,0,0,0,0.167,0,0,0,0,0
"325","2068","samp. TU9","PYROXENE","TITAN-AUGITE","BASALT",50.98,1.33,4.01,0.05,6.08,22.99,15.42,0.14,0.02,0.54,0.21,0,0,0,0.03,0,0,0,0,0,0,0
"326","4902","samp. 3519","PYROXENE","TITAN-AUGITE","MEGACRYST, CLINOPYROXENE, XENOLITH",53.3,0.9,4.32,0.01,9.61,15.3,12.63,0.17,0.003,3.63,0.009,0,0,0,0.01,0,0,0,0,0,0,0
"327","15302","samp. KLP 35","PYROXENE","TITAN-AUGITE","BASANITE",46.67,2.47,7.4,0.068,5.856,22.26,13.2,0.12,0,0.58,0,0,0,0,0.02,0,0,0,0,0,0.01,0
"328","835","samp. 622","PYROXENE","TITAN-AUGITE","TRACHYBASALT",45.56,2.22,7.94,0.02,8.4,22.78,12.55,0.1,0,0.45,0.07,0,0,0,0,0,0.01,0,0,0,0,0
"329","1617","samp. 6","PYROXENE","TITAN-AUGITE","PYROXENITE, XENOLITH",47.93,1.1,6.16,0.49,7.32,22.86,14.33,0.119,0.05,0.58,0.04,0,0,0,0,0,0.113,0,0,0,0.03,0
"330","838","samp. G30S","PYROXENE","TITAN-AUGITE","GABBRO",49.25,1.52,5.26,0.77,5.82,19.14,15.08,0.12,0.05,0.78,0,0,0,0,0.0243,0,0.113,0,0,0,0.08,0
